dq,dimension,question,threads,so_threads,gh_threads,asker_occ,responder_occ,asker_share_pct
V1,Report interpretation,"Is the suspected leak/invalid free real, or a false positive / benign report?",76,51,25,65,37,64
T1,Non-diagnostic,"Triage: reproducer, full trace, version, build flags",70,9,61,62,43,59
L2,Lifetime,"Is the object destroyed when its lifetime ends (scope exit, destructor called, virtual destructor)?",59,43,16,78,19,80
D3,Deallocation,Is the deallocator the right one for the allocator (free vs delete vs delete[] vs library free)?,53,28,25,76,21,78
R3,Report interpretation,"Is the report caused by my code, or by a library, runtime, or the tool itself?",52,27,25,57,24,70
D4,Deallocation,"Is the pointer valid to free right now (initialized, not already freed, not dangling)?",52,31,21,68,13,84
R2,Report interpretation,"What does the tool's report category or runtime error mean (definitely/indirectly/possibly lost, still reachable, suppressed, invalid pointer)?",51,41,10,65,13,83
D1,Deallocation,"Is there a matching release for this allocation, and where should it go?",50,32,18,39,18,68
C1,Control flow,"Is the memory released on every path: error handling, early return, exceptions, longjmp?",44,20,24,53,16,77
R5,Report interpretation,"How do I detect, configure, or suppress this with the tool?",41,34,7,37,28,57
L1,Lifetime,"Must the memory be freed before program exit, or is exit-time retention acceptable?",41,30,11,51,48,52
A1,Allocation,"Is this memory on the heap at all (vs. stack, static, string literal)?",39,30,9,60,13,82
A4,Allocation,"Is the allocation size bounded and validated (untrusted input, overflow, huge/negative size, failure)?",37,13,24,34,22,61
O1,Ownership,Who is responsible for releasing this memory (caller vs. callee contract)?,37,16,21,41,18,69
C2,Control flow,"Is the old block released on each loop iteration / reallocation (realloc failure, reassignment in a loop)?",33,17,16,44,11,80
R4,Report interpretation,Where was the block allocated / where does the leak or bad free originate?,30,21,9,25,10,71
G,Non-diagnostic,Generic: why does this leak/crash? (no specific evidence asked),26,22,4,27,1,96
N1,Composite cleanup,"Are nested sub-allocations released (struct members, list nodes, 2-D arrays) before/with the parent?",24,18,6,20,11,65
L3,Lifetime,"Does memory keep growing with repetitions (retained longer than needed, unbounded growth)?",23,11,12,19,11,63
X1,Cross-module,"Are allocation and release done by the same module/runtime heap (DLL, CRT, FFI boundary)?",22,13,9,28,5,85
O2,Ownership,"Was ownership transferred (to a container, smart pointer, library, or object), so someone else releases it?",21,12,9,35,13,73
E1,Escape / aliasing,Was the last reference overwritten or lost before release?,18,10,8,22,11,67
P,Non-diagnostic,Prevention / best-practice advice,18,15,3,23,2,92
N3,Composite cleanup,Does the cleanup routine / destructor release every resource the object owns?,17,12,5,13,4,76
A3,Allocation,Which allocator family produced this pointer (malloc/new/new[]/custom/library)?,16,11,5,6,12,33
E3,Escape / aliasing,"Do other aliases or copies refer to the same block (shallow copy, copy ctor, two owners)?",16,12,4,13,8,62
N2,Composite cleanup,Is a reference cycle or refcount imbalance preventing release?,16,7,9,19,8,70
D2,Deallocation,Is the pointer passed to free exactly the one the allocator returned (not offset/advanced)?,15,11,4,13,7,65
A2,Allocation,Does this function/API allocate what it returns (must the caller free it)?,12,9,3,16,7,70
K,Non-diagnostic,"Allocator internals (how free knows the size, etc.)",10,10,0,17,4,81
L4,Lifetime,Are threads joined/detached so that their resources are released?,9,5,4,8,2,80
E2,Escape / aliasing,"Does the pointer escape (global, struct field, return value) so it must be released elsewhere?",5,5,0,3,3,50
