theme,label,threads,so,gh,top_dqs
GRW,"Growth without a classic leak (allocator retention, fragmentation, caches) ~ CWE-400/770",42,22,20,R6 (37) · L3 (19) · V1 (15) · R3 (5) · R5 (5)
RES,"Non-memory resource leak (fd, socket, handle, cgo/JNI handle) ~ CWE-772/775",37,13,24,RK (34) · L3 (14) · D1 (9) · C1 (8) · O2 (3)
REF,Reference counting in bindings / COM / kernel ~ CWE-911,35,15,20,N2 (18) · RK (11) · L3 (11) · L2 (8) · O2 (7)
UAF,Use after free / dangling ~ CWE-416,18,9,9,D5 (17) · L2 (5) · L4 (3) · D4 (3) · E3 (2)
POOL,"Memory pools, arenas, custom allocators",13,4,9,D1 (5) · L2 (5) · R5 (4) · C1 (4) · RK (3)
GPU,GPU / graphics memory,13,0,13,RK (12) · L3 (7) · R3 (4) · D1 (3) · V1 (3)
THR,Thread / process lifetime ~ CWE-404,11,4,7,L4 (11) · V1 (2) · C1 (2) · RK (2) · R3 (2)
LIB,Library / runtime global cleanup,11,11,0,R3 (8) · L1 (3) · D1 (2) · L4 (2) · N1 (1)
HC,Heap corruption surfacing at free/malloc ~ CWE-122/787,9,6,3,H1 (9) · R5 (1) · R2 (1) · D4 (1) · R4 (1)
UNI,Uninitialised memory in leak reports ~ CWE-457/908,6,0,6,R2 (4) · R5 (2) · R3 (1) · R4 (1) · N1 (1)
KER,Kernel memory (kmemleak),4,0,4,R5 (3) · RK (2) · R4 (2) · V1 (1) · R2 (1)
DF,Double free ~ CWE-415,2,1,1,D4 (2) · R2 (1) · E3 (1)
INFO,'Leak' meaning information disclosure ~ CWE-200,1,0,1,A1 (1)
