cwe,diagnostic_threads,dq,threads,share_pct
CWE-401,324,V1,67,21
CWE-401,324,L2,48,15
CWE-401,324,R3,44,14
CWE-401,324,R2,43,13
CWE-401,324,D1,42,13
CWE-401,324,C1,37,11
CWE-459,163,L2,36,22
CWE-459,163,V1,28,17
CWE-459,163,R3,25,15
CWE-459,163,R2,23,14
CWE-459,163,D3,20,12
CWE-459,163,C1,15,9
CWE-590,35,A1,20,57
CWE-590,35,O1,8,23
CWE-590,35,D4,6,17
CWE-590,35,L2,6,17
CWE-590,35,R3,4,11
CWE-590,35,D1,3,9
CWE-761,24,D3,8,33
CWE-761,24,D2,4,17
CWE-761,24,R5,3,12
CWE-761,24,L2,3,12
CWE-761,24,D1,3,12
CWE-761,24,A3,2,8
CWE-762,84,D3,42,50
CWE-762,84,V1,11,13
CWE-762,84,D4,9,11
CWE-762,84,A3,7,8
CWE-762,84,L2,6,7
CWE-762,84,A1,6,7
CWE-763,65,D4,32,49
CWE-763,65,A1,8,12
CWE-763,65,R2,7,11
CWE-763,65,C1,6,9
CWE-763,65,D1,5,8
CWE-763,65,O1,5,8
CWE-789,33,A4,22,67
CWE-789,33,L3,3,9
CWE-789,33,V1,2,6
CWE-789,33,C1,2,6
CWE-789,33,C2,2,6
CWE-789,33,D4,2,6
