pass,unit_status,post_kind,role,units,units_in_status,percent_of_status
main,coded,title,asker,135,915,14.8
main,coded,title,responder,0,915,0.0
main,coded,question,asker,358,915,39.1
main,coded,question,responder,0,915,0.0
main,coded,answer,asker,1,915,0.1
main,coded,answer,responder,80,915,8.7
main,coded,comment,asker,116,915,12.7
main,coded,comment,responder,225,915,24.6
main,NA,title,asker,17,192,8.9
main,NA,title,responder,0,192,0.0
main,NA,question,asker,26,192,13.5
main,NA,question,responder,0,192,0.0
main,NA,answer,asker,0,192,0.0
main,NA,answer,responder,15,192,7.8
main,NA,comment,asker,34,192,17.7
main,NA,comment,responder,100,192,52.1
main,uncoded_new,title,asker,0,0,
main,uncoded_new,title,responder,0,0,
main,uncoded_new,question,asker,0,0,
main,uncoded_new,question,responder,0,0,
main,uncoded_new,answer,asker,0,0,
main,uncoded_new,answer,responder,0,0,
main,uncoded_new,comment,asker,0,0,
main,uncoded_new,comment,responder,0,0,
offcwe,coded,title,asker,58,273,21.2
offcwe,coded,title,responder,0,273,0.0
offcwe,coded,question,asker,141,273,51.6
offcwe,coded,question,responder,0,273,0.0
offcwe,coded,answer,asker,0,273,0.0
offcwe,coded,answer,responder,3,273,1.1
offcwe,coded,comment,asker,27,273,9.9
offcwe,coded,comment,responder,44,273,16.1
offcwe,NA,title,asker,10,107,9.3
offcwe,NA,title,responder,0,107,0.0
offcwe,NA,question,asker,32,107,29.9
offcwe,NA,question,responder,0,107,0.0
offcwe,NA,answer,asker,0,107,0.0
offcwe,NA,answer,responder,9,107,8.4
offcwe,NA,comment,asker,16,107,15.0
offcwe,NA,comment,responder,40,107,37.4
offcwe,uncoded_new,title,asker,0,96,0.0
offcwe,uncoded_new,title,responder,0,96,0.0
offcwe,uncoded_new,question,asker,0,96,0.0
offcwe,uncoded_new,question,responder,0,96,0.0
offcwe,uncoded_new,answer,asker,1,96,1.0
offcwe,uncoded_new,answer,responder,12,96,12.5
offcwe,uncoded_new,comment,asker,28,96,29.2
offcwe,uncoded_new,comment,responder,55,96,57.3
