unit_key,thread_url,post_permalink,role,origin,theme,codes
f693b990446458d9,https://stackoverflow.com/questions/33114152/what-to-do-if-a-posix-close-call-fails,https://stackoverflow.com/questions/33114152/what-to-do-if-a-posix-close-call-fails,asker,targeted,RES,"RK,C1"
d05aecd56e95a669,https://stackoverflow.com/questions/33114152/what-to-do-if-a-posix-close-call-fails,https://stackoverflow.com/questions/33114152/what-to-do-if-a-posix-close-call-fails,asker,targeted,RES,"RK,C1"
050ce77d31c5c250,https://stackoverflow.com/questions/33114152/what-to-do-if-a-posix-close-call-fails,https://stackoverflow.com/questions/33114152/what-to-do-if-a-posix-close-call-fails,asker,targeted,RES,RK
eb0e5b7e9d0f259d,https://stackoverflow.com/questions/7297001/if-close2-fails-with-eio-will-the-file-descriptor-still-be-deleted,https://stackoverflow.com/questions/7297001/if-close2-fails-with-eio-will-the-file-descriptor-still-be-deleted,asker,targeted,RES,"RK,C1"
a78e1fce72637421,https://stackoverflow.com/questions/7297001/if-close2-fails-with-eio-will-the-file-descriptor-still-be-deleted,https://stackoverflow.com/questions/7297001/if-close2-fails-with-eio-will-the-file-descriptor-still-be-deleted,asker,targeted,RES,"RK,C1"
085f160e2a40afd3,https://stackoverflow.com/questions/7297001/if-close2-fails-with-eio-will-the-file-descriptor-still-be-deleted,https://stackoverflow.com/questions/7297001/if-close2-fails-with-eio-will-the-file-descriptor-still-be-deleted,asker,targeted,RES,C1
53ee0f2c8a47d94e,https://stackoverflow.com/questions/7297001/if-close2-fails-with-eio-will-the-file-descriptor-still-be-deleted,https://stackoverflow.com/questions/7297001/if-close2-fails-with-eio-will-the-file-descriptor-still-be-deleted,asker,targeted,RES,"RK,D1"
d84316061d005862,https://stackoverflow.com/questions/13691107/c-proper-way-to-close-files-when-using-both-open-and-fdopen,https://stackoverflow.com/questions/13691107/c-proper-way-to-close-files-when-using-both-open-and-fdopen,asker,targeted,RES,"RK,O2"
4d48a6562a7cee2d,https://stackoverflow.com/questions/13691107/c-proper-way-to-close-files-when-using-both-open-and-fdopen,https://stackoverflow.com/questions/13691107/c-proper-way-to-close-files-when-using-both-open-and-fdopen,asker,targeted,RES,"RK,O2"
803129356e142490,https://stackoverflow.com/questions/23793992/do-i-need-to-use-shm-unlink-on-a-shared-memory-object,https://stackoverflow.com/questions/23793992/do-i-need-to-use-shm-unlink-on-a-shared-memory-object,asker,targeted,RES,"RK,L1"
494f5b85c4b8c606,https://stackoverflow.com/questions/66048264/if-fclose-fails-is-the-file-descriptor-still-open,https://stackoverflow.com/questions/66048264/if-fclose-fails-is-the-file-descriptor-still-open,asker,targeted,RES,"RK,C1"
88c07559fea34145,https://stackoverflow.com/questions/5130375/how-exactly-does-fopen-fclose-work,https://stackoverflow.com/questions/5130375/how-exactly-does-fopen-fclose-work,asker,targeted,RES,K
68449c0a297efcb8,https://stackoverflow.com/questions/5130375/how-exactly-does-fopen-fclose-work,https://stackoverflow.com/questions/5130375/how-exactly-does-fopen-fclose-work,asker,targeted,RES,"RK,V1"
7b6ff3eea8de0f8c,https://stackoverflow.com/questions/38356997/free-all-the-memory-allocated-by-malloc-realloc-in-c,https://stackoverflow.com/questions/38356997/free-all-the-memory-allocated-by-malloc-realloc-in-c,asker,targeted,IN,G
8f0b9f842d37119f,https://stackoverflow.com/questions/38356997/free-all-the-memory-allocated-by-malloc-realloc-in-c,https://stackoverflow.com/questions/38356997/free-all-the-memory-allocated-by-malloc-realloc-in-c,asker,targeted,IN,D1
295967ddd9158faa,https://stackoverflow.com/questions/18866743/how-to-properly-close-a-socket-opened-with-fdopen,https://stackoverflow.com/questions/18866743/how-to-properly-close-a-socket-opened-with-fdopen,asker,targeted,RES,"RK,O2"
f797251930c492b3,https://stackoverflow.com/questions/18866743/how-to-properly-close-a-socket-opened-with-fdopen,https://stackoverflow.com/questions/18866743/how-to-properly-close-a-socket-opened-with-fdopen,asker,targeted,RES,RK
f391c87389abe8c4,https://stackoverflow.com/questions/62148840/how-to-safely-stop-a-iocp-wsarecv-task-and-free-the-wsaoverlapped-structure,https://stackoverflow.com/questions/62148840/how-to-safely-stop-a-iocp-wsarecv-task-and-free-the-wsaoverlapped-structure,asker,targeted,RES,"RK,L4"
3d690b2bf20de251,https://stackoverflow.com/questions/48443105/does-tcp-ip-connection-automatically-closed-when-os-do-a-garbage-collection-afte,https://stackoverflow.com/questions/48443105/does-tcp-ip-connection-automatically-closed-when-os-do-a-garbage-collection-afte,asker,targeted,RES,"RK,L4"
d32cdbc9f0ae7e6a,https://stackoverflow.com/questions/48443105/does-tcp-ip-connection-automatically-closed-when-os-do-a-garbage-collection-afte,https://stackoverflow.com/questions/48443105/does-tcp-ip-connection-automatically-closed-when-os-do-a-garbage-collection-afte,asker,targeted,RES,"RK,O1"
699d355ebb0d410a,https://stackoverflow.com/questions/8338570/c11-replace-all-non-owning-raw-pointers-with-stdshared-ptr,https://stackoverflow.com/questions/8338570/c11-replace-all-non-owning-raw-pointers-with-stdshared-ptr,asker,targeted,IN,O1
992eb0ae9093553e,https://stackoverflow.com/questions/8338570/c11-replace-all-non-owning-raw-pointers-with-stdshared-ptr,https://stackoverflow.com/questions/8338570/c11-replace-all-non-owning-raw-pointers-with-stdshared-ptr,asker,targeted,IN,O2
c656e35d7e47f3a6,https://stackoverflow.com/questions/3764072/c-win32-how-to-wait-for-a-pending-delete-to-complete,https://stackoverflow.com/questions/3764072/c-win32-how-to-wait-for-a-pending-delete-to-complete,asker,targeted,IN,NA
2a5339a9c2cf99cd,https://stackoverflow.com/questions/68352718/is-it-necessary-to-call-destroy-on-a-stdcoroutine-handle,https://stackoverflow.com/questions/68352718/is-it-necessary-to-call-destroy-on-a-stdcoroutine-handle,asker,targeted,RES,"RK,L2"
8ee6d22f0ab72f3c,https://stackoverflow.com/questions/68352718/is-it-necessary-to-call-destroy-on-a-stdcoroutine-handle,https://stackoverflow.com/questions/68352718/is-it-necessary-to-call-destroy-on-a-stdcoroutine-handle,asker,targeted,RES,"RK,L2"
bd9dd25901e477ae,https://stackoverflow.com/questions/15207762/c-pthreads-valgrind-memory-leak-why,https://stackoverflow.com/questions/15207762/c-pthreads-valgrind-memory-leak-why,asker,targeted,THR,"L4,V1"
f7ce34e07154969b,https://stackoverflow.com/questions/15207762/c-pthreads-valgrind-memory-leak-why,https://stackoverflow.com/questions/15207762/c-pthreads-valgrind-memory-leak-why,asker,targeted,THR,"L4,R2"
de0a1d9265ee7bf0,https://stackoverflow.com/questions/7278216/pthread-create-memory-leak,https://stackoverflow.com/questions/7278216/pthread-create-memory-leak,asker,targeted,THR,L4
802ade75d9c7fb8d,https://stackoverflow.com/questions/14084151/how-to-check-for-memory-leaks-in-a-large-scale-c-linux-application,https://stackoverflow.com/questions/14084151/how-to-check-for-memory-leaks-in-a-large-scale-c-linux-application,asker,targeted,IN,R5
1592f3069e9a7373,https://stackoverflow.com/questions/14084151/how-to-check-for-memory-leaks-in-a-large-scale-c-linux-application,https://stackoverflow.com/questions/14084151/how-to-check-for-memory-leaks-in-a-large-scale-c-linux-application,asker,targeted,GRW,R6
265513d930d25922,https://stackoverflow.com/questions/14084151/how-to-check-for-memory-leaks-in-a-large-scale-c-linux-application,https://stackoverflow.com/questions/14084151/how-to-check-for-memory-leaks-in-a-large-scale-c-linux-application,asker,targeted,IN,R5
70e38763b9e5ead9,https://stackoverflow.com/questions/5734066/how-reliable-is-windows-task-manager-for-determining-memory-usage-of-programs,https://stackoverflow.com/questions/5734066/how-reliable-is-windows-task-manager-for-determining-memory-usage-of-programs,asker,targeted,GRW,R6
fd735f8b3a03bbdc,https://stackoverflow.com/questions/11437942/c-does-this-look-like-memory-fragmentation,https://stackoverflow.com/questions/11437942/c-does-this-look-like-memory-fragmentation,asker,targeted,GRW,R6
cae539bcce7bd3d1,https://stackoverflow.com/questions/11437942/c-does-this-look-like-memory-fragmentation,https://stackoverflow.com/questions/11437942/c-does-this-look-like-memory-fragmentation,asker,targeted,GRW,R6
7c5c5235d14a2a34,https://stackoverflow.com/questions/18357956/c-code-memory-leak,https://stackoverflow.com/questions/18357956/c-code-memory-leak,asker,targeted,GRW,"R6,V1"
b25b6698a1b1102f,https://stackoverflow.com/questions/29761900/valgrind-reports-no-memory-leak-despite-a-huge-heap-being-allocated,https://stackoverflow.com/questions/29761900/valgrind-reports-no-memory-leak-despite-a-huge-heap-being-allocated,asker,targeted,GRW,L3
e301ddf9db4a48cc,https://stackoverflow.com/questions/29761900/valgrind-reports-no-memory-leak-despite-a-huge-heap-being-allocated,https://stackoverflow.com/questions/29761900/valgrind-reports-no-memory-leak-despite-a-huge-heap-being-allocated,asker,targeted,IN,D1
7eb33bad668a69c6,https://stackoverflow.com/questions/46734808/strictly-speaking-does-the-c-standard-require-that-free-must-be-called-after-ma,https://stackoverflow.com/questions/46734808/strictly-speaking-does-the-c-standard-require-that-free-must-be-called-after-ma,asker,targeted,IN,L1
a9a6c7d0297b15a8,https://stackoverflow.com/questions/46734808/strictly-speaking-does-the-c-standard-require-that-free-must-be-called-after-ma,https://stackoverflow.com/questions/46734808/strictly-speaking-does-the-c-standard-require-that-free-must-be-called-after-ma,asker,targeted,IN,L1
869f705e4a1f9f39,https://stackoverflow.com/questions/46734808/strictly-speaking-does-the-c-standard-require-that-free-must-be-called-after-ma,https://stackoverflow.com/questions/46734808/strictly-speaking-does-the-c-standard-require-that-free-must-be-called-after-ma,asker,targeted,IN,L1
49cde788ea2ed9d9,https://stackoverflow.com/questions/46734808/strictly-speaking-does-the-c-standard-require-that-free-must-be-called-after-ma,https://stackoverflow.com/questions/46734808/strictly-speaking-does-the-c-standard-require-that-free-must-be-called-after-ma,asker,targeted,IN,L1
72f454b3b7489236,https://stackoverflow.com/questions/47266630/why-does-c-manage-the-heap-instead-of-the-operating-system,https://stackoverflow.com/questions/47266630/why-does-c-manage-the-heap-instead-of-the-operating-system,asker,targeted,GRW,R6
d8328b3fd223333f,https://stackoverflow.com/questions/47266630/why-does-c-manage-the-heap-instead-of-the-operating-system,https://stackoverflow.com/questions/47266630/why-does-c-manage-the-heap-instead-of-the-operating-system,asker,targeted,GRW,K
9b51d6a4a1ae09e9,https://stackoverflow.com/questions/1386776/memory-fragmentation-profiler,https://stackoverflow.com/questions/1386776/memory-fragmentation-profiler,asker,targeted,GRW,R6
0cca5249fd4b5b2b,https://stackoverflow.com/questions/10116033/heap-memory-and-slab-allocation,https://stackoverflow.com/questions/10116033/heap-memory-and-slab-allocation,asker,targeted,IN,K
8efa7a21e8b7618c,https://stackoverflow.com/questions/10116033/heap-memory-and-slab-allocation,https://stackoverflow.com/questions/10116033/heap-memory-and-slab-allocation,asker,targeted,IN,K
84fd95d4b25176d2,https://stackoverflow.com/questions/10116033/heap-memory-and-slab-allocation,https://stackoverflow.com/questions/10116033/heap-memory-and-slab-allocation,asker,targeted,IN,K
8491767aece9ff25,https://stackoverflow.com/questions/10116033/heap-memory-and-slab-allocation,https://stackoverflow.com/questions/10116033/heap-memory-and-slab-allocation,asker,targeted,IN,K
c62231f47cabec44,https://stackoverflow.com/questions/10116033/heap-memory-and-slab-allocation,https://stackoverflow.com/questions/10116033/heap-memory-and-slab-allocation,asker,targeted,GRW,R6
2de8afb960142e09,https://stackoverflow.com/questions/20436690/best-fit-vs-segregated-fit-vs-buddy-system-for-least-fragmentation,https://stackoverflow.com/questions/20436690/best-fit-vs-segregated-fit-vs-buddy-system-for-least-fragmentation,asker,targeted,POOL,NA
2e44446d05e3eb61,https://stackoverflow.com/questions/73314413/why-does-my-c-program-suddenly-release-memory,https://stackoverflow.com/questions/73314413/why-does-my-c-program-suddenly-release-memory,asker,targeted,GRW,R6
598b6f2b4befa14d,https://stackoverflow.com/questions/11196482/why-does-malloc-trim-only-work-with-the-main-arena,https://stackoverflow.com/questions/11196482/why-does-malloc-trim-only-work-with-the-main-arena,asker,targeted,GRW,R6
465009d9d17715c7,https://stackoverflow.com/questions/11196482/why-does-malloc-trim-only-work-with-the-main-arena,https://stackoverflow.com/questions/11196482/why-does-malloc-trim-only-work-with-the-main-arena,asker,targeted,GRW,R6
c743264e1c2cc910,https://stackoverflow.com/questions/77382967/cant-track-heap-memory-usage-in-my-c-program-at-runtime,https://stackoverflow.com/questions/77382967/cant-track-heap-memory-usage-in-my-c-program-at-runtime,asker,targeted,IN,R4
dbb517dcb1a157ac,https://stackoverflow.com/questions/6977161/where-should-i-put-py-incref-and-py-decref-on-this-block-in-python-c-extension,https://stackoverflow.com/questions/6977161/where-should-i-put-py-incref-and-py-decref-on-this-block-in-python-c-extension,asker,targeted,REF,"N2,O1"
969246df9672a6b8,https://stackoverflow.com/questions/6977161/where-should-i-put-py-incref-and-py-decref-on-this-block-in-python-c-extension,https://stackoverflow.com/questions/6977161/where-should-i-put-py-incref-and-py-decref-on-this-block-in-python-c-extension,asker,targeted,REF,"N2,O1"
101b8e92cc2ff2b9,https://stackoverflow.com/questions/18693744/debugging-reference-counting-memory-leaks-in-python-c-extension-modules,https://stackoverflow.com/questions/18693744/debugging-reference-counting-memory-leaks-in-python-c-extension-modules,asker,targeted,IN,V1
023290be48921b68,https://stackoverflow.com/questions/39948237/does-pyobject-callobject-steal-reference-to-args-do-i-need-to-free-the-memory,https://stackoverflow.com/questions/39948237/does-pyobject-callobject-steal-reference-to-args-do-i-need-to-free-the-memory,asker,targeted,REF,A2
5ead04e6d326cc29,https://stackoverflow.com/questions/54738087/how-to-avoid-a-memory-leak-when-python-objects-are-passed-to-c-using-callbacks,https://stackoverflow.com/questions/54738087/how-to-avoid-a-memory-leak-when-python-objects-are-passed-to-c-using-callbacks,asker,targeted,REF,"N2,O2"
7a51b9bc05c1a65f,https://stackoverflow.com/questions/5606589/why-do-i-not-need-to-free-this-memory,https://stackoverflow.com/questions/5606589/why-do-i-not-need-to-free-this-memory,asker,targeted,REF,A2
04672c1987af0d15,https://stackoverflow.com/questions/5606589/why-do-i-not-need-to-free-this-memory,https://stackoverflow.com/questions/5606589/why-do-i-not-need-to-free-this-memory,asker,targeted,REF,"A2,O1"
046bdde523e1f0f6,https://stackoverflow.com/questions/5606589/why-do-i-not-need-to-free-this-memory,https://stackoverflow.com/questions/5606589/why-do-i-not-need-to-free-this-memory,asker,targeted,REF,V1
7cd668a891bc38e6,https://stackoverflow.com/questions/350647/why-is-my-python-c-extension-leaking-memory,https://stackoverflow.com/questions/350647/why-is-my-python-c-extension-leaking-memory,asker,targeted,REF,N2
0c4c103a09800862,https://stackoverflow.com/questions/350647/why-is-my-python-c-extension-leaking-memory,https://stackoverflow.com/questions/350647/why-is-my-python-c-extension-leaking-memory,asker,targeted,REF,N2
bd88a73c4ce15f25,https://stackoverflow.com/questions/58263736/is-incrementing-py-true-py-false-refcount-always-necessary,https://stackoverflow.com/questions/58263736/is-incrementing-py-true-py-false-refcount-always-necessary,asker,targeted,REF,N2
6acb8a70bc222ed8,https://stackoverflow.com/questions/58263736/is-incrementing-py-true-py-false-refcount-always-necessary,https://stackoverflow.com/questions/58263736/is-incrementing-py-true-py-false-refcount-always-necessary,asker,targeted,REF,"N2,V1"
a4868dd750bbb218,https://stackoverflow.com/questions/58263736/is-incrementing-py-true-py-false-refcount-always-necessary,https://stackoverflow.com/questions/58263736/is-incrementing-py-true-py-false-refcount-always-necessary,asker,targeted,REF,N2
b427988577105191,https://stackoverflow.com/questions/7700446/java-app-calls-c-dll-via-jni-how-best-to-allocate-memory,https://stackoverflow.com/questions/7700446/java-app-calls-c-dll-via-jni-how-best-to-allocate-memory,asker,targeted,REF,"R5,X1"
ea4c30c1d15be200,https://stackoverflow.com/questions/1533378/jni-freeing-memory-to-avoid-memory-leak,https://stackoverflow.com/questions/1533378/jni-freeing-memory-to-avoid-memory-leak,asker,targeted,REF,"RK,X1"
c96b1b2882f504ea,https://stackoverflow.com/questions/33334126/how-to-find-memory-leaks-in-java-jni-c-process,https://stackoverflow.com/questions/33334126/how-to-find-memory-leaks-in-java-jni-c-process,asker,targeted,IN,R4
74f718a419bbe786,https://stackoverflow.com/questions/21885986/stdvector-throws-a-bad-allocation-exception-when-resized,https://stackoverflow.com/questions/21885986/stdvector-throws-a-bad-allocation-exception-when-resized,asker,targeted,IN,R5
264f656aa3983915,https://stackoverflow.com/questions/21885986/stdvector-throws-a-bad-allocation-exception-when-resized,https://stackoverflow.com/questions/21885986/stdvector-throws-a-bad-allocation-exception-when-resized,asker,targeted,GRW,R6
910dca7bf23f4552,https://stackoverflow.com/questions/9098890/how-to-check-for-memory-leaks-in-jni,https://stackoverflow.com/questions/9098890/how-to-check-for-memory-leaks-in-jni,asker,targeted,IN,R5
518fa48bc8d1b4b7,https://stackoverflow.com/questions/17732598/how-to-correctly-and-effectively-release-memory-in-a-gtk-widget,https://stackoverflow.com/questions/17732598/how-to-correctly-and-effectively-release-memory-in-a-gtk-widget,asker,targeted,LIB,"D1,R3"
26c533ba276b7e92,https://stackoverflow.com/questions/8798905/does-the-python-3-interpreter-leak-memory-when-embedded,https://stackoverflow.com/questions/8798905/does-the-python-3-interpreter-leak-memory-when-embedded,asker,targeted,LIB,R3
397701d8f033f194,https://stackoverflow.com/questions/57188832/what-happen-if-fail-to-delete-a-shared-memory-segment,https://stackoverflow.com/questions/57188832/what-happen-if-fail-to-delete-a-shared-memory-segment,asker,targeted,IN,V1
29d9d4490e0a0e36,https://stackoverflow.com/questions/41003046/can-i-free-x509-x-after-calling-x509-store-add-certx509-store-ctx-x509-x,https://stackoverflow.com/questions/41003046/can-i-free-x509-x-after-calling-x509-store-add-certx509-store-ctx-x509-x,asker,targeted,REF,"O2,N2"
8fbff437dff38de9,https://stackoverflow.com/questions/41003046/can-i-free-x509-x-after-calling-x509-store-add-certx509-store-ctx-x509-x,https://stackoverflow.com/questions/41003046/can-i-free-x509-x-after-calling-x509-store-add-certx509-store-ctx-x509-x,asker,targeted,REF,"N1,O2"
d32dded9afcbd836,https://stackoverflow.com/questions/41003046/can-i-free-x509-x-after-calling-x509-store-add-certx509-store-ctx-x509-x,https://stackoverflow.com/questions/41003046/can-i-free-x509-x-after-calling-x509-store-add-certx509-store-ctx-x509-x,asker,targeted,REF,N2
3f43d85bccc09d49,https://stackoverflow.com/questions/41003046/can-i-free-x509-x-after-calling-x509-store-add-certx509-store-ctx-x509-x,https://stackoverflow.com/questions/41003046/can-i-free-x509-x-after-calling-x509-store-add-certx509-store-ctx-x509-x,asker,targeted,REF,"N2,D1"
5493adfa0c2d7485,https://stackoverflow.com/questions/33613357/locate-vala-sqlite3-memory-leak,https://stackoverflow.com/questions/33613357/locate-vala-sqlite3-memory-leak,asker,targeted,IN,R5
9df7b1b1bda5855e,https://stackoverflow.com/questions/75141650/memory-leak-in-microsofts-wmi-library-is-there-a-way-to-mitigate-it,https://stackoverflow.com/questions/75141650/memory-leak-in-microsofts-wmi-library-is-there-a-way-to-mitigate-it,asker,targeted,LIB,R3
1e70a9c274bfc9ec,https://stackoverflow.com/questions/75141650/memory-leak-in-microsofts-wmi-library-is-there-a-way-to-mitigate-it,https://stackoverflow.com/questions/75141650/memory-leak-in-microsofts-wmi-library-is-there-a-way-to-mitigate-it,asker,targeted,LIB,NA
e3a6a74eeded494c,https://stackoverflow.com/questions/13644380/d3d11-increased-ref-count-from-nowhere,https://stackoverflow.com/questions/13644380/d3d11-increased-ref-count-from-nowhere,asker,targeted,REF,N2
4830d5ae2e743c5e,https://stackoverflow.com/questions/6845691/under-what-conditions-is-ccmdtargetonfinalrelease-called,https://stackoverflow.com/questions/6845691/under-what-conditions-is-ccmdtargetonfinalrelease-called,asker,targeted,REF,"N2,L2"
29ed083d0d3522dd,https://stackoverflow.com/questions/6845691/under-what-conditions-is-ccmdtargetonfinalrelease-called,https://stackoverflow.com/questions/6845691/under-what-conditions-is-ccmdtargetonfinalrelease-called,asker,targeted,REF,"N2,L2"
77926b9cfea8810f,https://stackoverflow.com/questions/6845691/under-what-conditions-is-ccmdtargetonfinalrelease-called,https://stackoverflow.com/questions/6845691/under-what-conditions-is-ccmdtargetonfinalrelease-called,asker,targeted,REF,"N2,L2"
3427bb78ec207dfa,https://stackoverflow.com/questions/1198829/who-takes-ownership-of-the-ierrorinfo,https://stackoverflow.com/questions/1198829/who-takes-ownership-of-the-ierrorinfo,asker,targeted,REF,O1
73b80892b72dcbca,https://stackoverflow.com/questions/1198829/who-takes-ownership-of-the-ierrorinfo,https://stackoverflow.com/questions/1198829/who-takes-ownership-of-the-ierrorinfo,asker,targeted,REF,"N2,V1"
1a91deda94879812,https://stackoverflow.com/questions/7284477/need-to-release-a-com-ptr-t-before-reassigning-with-createinstance,https://stackoverflow.com/questions/7284477/need-to-release-a-com-ptr-t-before-reassigning-with-createinstance,asker,targeted,REF,"N2,E1"
0f9603f3f1f63dbb,https://stackoverflow.com/questions/7284477/need-to-release-a-com-ptr-t-before-reassigning-with-createinstance,https://stackoverflow.com/questions/7284477/need-to-release-a-com-ptr-t-before-reassigning-with-createinstance,asker,targeted,REF,"N2,E1"
3e4b9717f70e55ee,https://stackoverflow.com/questions/14050058/pointers-duplicate-object-instance,https://stackoverflow.com/questions/14050058/pointers-duplicate-object-instance,asker,targeted,IN,E3
3497424dbd3d0fb3,https://stackoverflow.com/questions/260915/how-can-i-create-a-dynamically-sized-array-of-structs,https://stackoverflow.com/questions/260915/how-can-i-create-a-dynamically-sized-array-of-structs,asker,targeted,IN,V1
bc1b83f1765c2b3f,https://stackoverflow.com/questions/13679635/how-to-properly-destroy-c-vector-of-vectors-and-release-memory,https://stackoverflow.com/questions/13679635/how-to-properly-destroy-c-vector-of-vectors-and-release-memory,asker,targeted,IN,D1
d1a85bfbf4d65947,https://stackoverflow.com/questions/12724057/immediate-detection-of-heap-corruption-errors-on-windows-how,https://stackoverflow.com/questions/12724057/immediate-detection-of-heap-corruption-errors-on-windows-how,asker,targeted,HC,"H1,R5"
a4442eed32c74288,https://stackoverflow.com/questions/12724057/immediate-detection-of-heap-corruption-errors-on-windows-how,https://stackoverflow.com/questions/12724057/immediate-detection-of-heap-corruption-errors-on-windows-how,asker,targeted,HC,R5
4aa22dd95e424d4b,https://stackoverflow.com/questions/55801993/what-is-the-meaning-of-this-malloc-error-corrupted-top-size,https://stackoverflow.com/questions/55801993/what-is-the-meaning-of-this-malloc-error-corrupted-top-size,asker,targeted,HC,"R2,H1"
e6ec9d73219e74ed,https://stackoverflow.com/questions/56855852/why-does-malloc-corrupted-top-size-error-get-fixed-when-i-have-printf-bef,https://stackoverflow.com/questions/56855852/why-does-malloc-corrupted-top-size-error-get-fixed-when-i-have-printf-bef,asker,targeted,HC,H1
dc4313d5e3f3ab4f,https://stackoverflow.com/questions/21057393/what-does-double-free-mean,https://stackoverflow.com/questions/21057393/what-does-double-free-mean,asker,targeted,DF,R2
a4e569fb76519d8b,https://stackoverflow.com/questions/21057393/what-does-double-free-mean,https://stackoverflow.com/questions/21057393/what-does-double-free-mean,asker,targeted,DF,D4
06693b9ccb082b6c,https://stackoverflow.com/questions/21057393/what-does-double-free-mean,https://stackoverflow.com/questions/21057393/what-does-double-free-mean,asker,targeted,DF,D4
2ae0dae9d0094649,https://stackoverflow.com/questions/21057393/what-does-double-free-mean,https://stackoverflow.com/questions/21057393/what-does-double-free-mean,asker,targeted,DF,"D4,E3"
7a43b8a1276c0f01,https://stackoverflow.com/questions/36536612/how-can-code-be-launched-with-smashed-stack,https://stackoverflow.com/questions/36536612/how-can-code-be-launched-with-smashed-stack,asker,targeted,IN,NA
b14a5858657a1f18,https://stackoverflow.com/questions/299761/cuda-wrapping-device-memory-allocation-in-c,https://stackoverflow.com/questions/299761/cuda-wrapping-device-memory-allocation-in-c,asker,targeted,IN,V1
eb93432cb5ccab44,https://stackoverflow.com/questions/15431365/cudamemcpy-segmentation-fault,https://stackoverflow.com/questions/15431365/cudamemcpy-segmentation-fault,asker,targeted,IN,V1
0016303657204935,https://stackoverflow.com/questions/65928467/how-to-use-thrust-and-valgrind-together-to-detect-memory-leaks,https://stackoverflow.com/questions/65928467/how-to-use-thrust-and-valgrind-together-to-detect-memory-leaks,asker,targeted,RES,R5
e80753a18b51cc21,https://stackoverflow.com/questions/65928467/how-to-use-thrust-and-valgrind-together-to-detect-memory-leaks,https://stackoverflow.com/questions/65928467/how-to-use-thrust-and-valgrind-together-to-detect-memory-leaks,asker,targeted,RES,R5
546b5431a4745e5b,https://stackoverflow.com/questions/13150955/what-does-this-valgrind-error-mean,https://stackoverflow.com/questions/13150955/what-does-this-valgrind-error-mean,asker,targeted,IN,R2
0e19607150162c6f,https://stackoverflow.com/questions/66898984/segmentation-fault-when-replacing-malloc-calloc-realloc-and-free-via,https://stackoverflow.com/questions/66898984/segmentation-fault-when-replacing-malloc-calloc-realloc-and-free-via,asker,targeted,IN,R5
a83a03f11b6f71ec,https://stackoverflow.com/questions/33040770/mem-alloced-via-mmap-without-munmap-will-cause-leak-after-process-exits-or-termi,https://stackoverflow.com/questions/33040770/mem-alloced-via-mmap-without-munmap-will-cause-leak-after-process-exits-or-termi,asker,targeted,RES,L1
3aa32bb1c714749a,https://stackoverflow.com/questions/16659303/huge-memory-leak-with-libxml2,https://stackoverflow.com/questions/16659303/huge-memory-leak-with-libxml2,asker,targeted,LIB,"N1,D1"
5b267d7333233433,https://stackoverflow.com/questions/4617328/did-i-find-a-libxml2-bug-memory-leak-in-multi-threaded-parsing,https://stackoverflow.com/questions/4617328/did-i-find-a-libxml2-bug-memory-leak-in-multi-threaded-parsing,asker,targeted,LIB,"R3,L4"
581728a5df5fba8c,https://stackoverflow.com/questions/27900525/memory-leak-with-xmlcopynode-libxml2,https://stackoverflow.com/questions/27900525/memory-leak-with-xmlcopynode-libxml2,asker,targeted,LIB,R3
86bd94edc97db9f9,https://stackoverflow.com/questions/26862876/memory-leak-after-returning-xmlchar-from-function,https://stackoverflow.com/questions/26862876/memory-leak-after-returning-xmlchar-from-function,asker,targeted,IN,R4
c1dd5b5c390041bc,https://stackoverflow.com/questions/49896108/libxml2-so-init-cleanupparser-usage-for-multiple-processes-with-threads,https://stackoverflow.com/questions/49896108/libxml2-so-init-cleanupparser-usage-for-multiple-processes-with-threads,asker,targeted,LIB,"L1,L4"
8c040a858412e8cb,https://stackoverflow.com/questions/4254610/valgrind-reports-memory-possibly-lost-when-using-glib-data-types,https://stackoverflow.com/questions/4254610/valgrind-reports-memory-possibly-lost-when-using-glib-data-types,asker,targeted,LIB,R3
66ae6d1115c36385,https://stackoverflow.com/questions/10560910/avoiding-glib-memory-pools-valgrind-possibly-lost-in-c,https://stackoverflow.com/questions/10560910/avoiding-glib-memory-pools-valgrind-possibly-lost-in-c,asker,targeted,LIB,R3
f1abfbbbeb61b5b2,https://stackoverflow.com/questions/12672770/how-to-find-memory-leaks-in-a-very-slow-application,https://stackoverflow.com/questions/12672770/how-to-find-memory-leaks-in-a-very-slow-application,asker,targeted,IN,R5
4163a1b2a20c9c31,https://stackoverflow.com/questions/9989496/malloc-and-freeing-memory-between-threads-in-c,https://stackoverflow.com/questions/9989496/malloc-and-freeing-memory-between-threads-in-c,asker,targeted,IN,R2
5088508685d3fb98,https://stackoverflow.com/questions/8370468/debugging-segmentation-faults-on-a-mac,https://stackoverflow.com/questions/8370468/debugging-segmentation-faults-on-a-mac,asker,targeted,IN,R5
3bab20eab48f59d3,https://stackoverflow.com/questions/7655834/valgrind-giving-error-but-unable-to-find-location,https://stackoverflow.com/questions/7655834/valgrind-giving-error-but-unable-to-find-location,asker,targeted,IN,R4
71ebd1f26972b892,https://stackoverflow.com/questions/30754437/valgrind-shows-me-a-leak-when-using-libxml2,https://stackoverflow.com/questions/30754437/valgrind-shows-me-a-leak-when-using-libxml2,asker,targeted,IN,G
20a7608c445802ab,https://stackoverflow.com/questions/7955109/dlopen-and-dlclose-memory-management-in-c-appln,https://stackoverflow.com/questions/7955109/dlopen-and-dlclose-memory-management-in-c-appln,asker,targeted,GRW,"L3,V1"
ebb1d5cde677d5ee,https://stackoverflow.com/questions/7955109/dlopen-and-dlclose-memory-management-in-c-appln,https://stackoverflow.com/questions/7955109/dlopen-and-dlclose-memory-management-in-c-appln,asker,targeted,LIB,"L1,X1"
4f01b3943dcde34e,https://stackoverflow.com/questions/78525668/egl-memory-leak,https://stackoverflow.com/questions/78525668/egl-memory-leak,asker,targeted,IN,R3
30393e21261e0afe,https://stackoverflow.com/questions/78525668/egl-memory-leak,https://stackoverflow.com/questions/78525668/egl-memory-leak,asker,targeted,LIB,R3
490e0846b3d54331,https://stackoverflow.com/questions/48861544/is-there-any-way-to-name-mempools-in-valgrind-memcheck,https://stackoverflow.com/questions/48861544/is-there-any-way-to-name-mempools-in-valgrind-memcheck,asker,targeted,POOL,R5
075c789ad078838d,https://stackoverflow.com/questions/3844630/maximum-number-of-threads,https://stackoverflow.com/questions/3844630/maximum-number-of-threads,asker,targeted,THR,NA
0a256ccf24e7b966,https://stackoverflow.com/questions/44980711/whats-a-a-good-way-to-stop-a-pool-of-threads-from-running,https://stackoverflow.com/questions/44980711/whats-a-a-good-way-to-stop-a-pool-of-threads-from-running,asker,targeted,THR,L4
d517974aad57c0b5,https://stackoverflow.com/questions/44980711/whats-a-a-good-way-to-stop-a-pool-of-threads-from-running,https://stackoverflow.com/questions/44980711/whats-a-a-good-way-to-stop-a-pool-of-threads-from-running,asker,targeted,THR,L4
06420507030e0c29,https://stackoverflow.com/questions/18455698/lightweight-memory-leak-debugging-on-linux,https://stackoverflow.com/questions/18455698/lightweight-memory-leak-debugging-on-linux,asker,targeted,IN,R5
e04e9dd9b66a1cc8,https://stackoverflow.com/questions/52829477/should-you-free-an-array-if-allocating-that-array-threw-an-exception,https://stackoverflow.com/questions/52829477/should-you-free-an-array-if-allocating-that-array-threw-an-exception,asker,targeted,IN,C1
309092ab49516c7f,https://stackoverflow.com/questions/52829477/should-you-free-an-array-if-allocating-that-array-threw-an-exception,https://stackoverflow.com/questions/52829477/should-you-free-an-array-if-allocating-that-array-threw-an-exception,asker,targeted,IN,C1
42574deb2c9058dc,https://stackoverflow.com/questions/52829477/should-you-free-an-array-if-allocating-that-array-threw-an-exception,https://stackoverflow.com/questions/52829477/should-you-free-an-array-if-allocating-that-array-threw-an-exception,asker,targeted,IN,G
4a298843660cfcf7,https://stackoverflow.com/questions/14235858/free-application-to-check-memory-leaks-in-windows-x64,https://stackoverflow.com/questions/14235858/free-application-to-check-memory-leaks-in-windows-x64,asker,targeted,IN,R5
2da054702c337c89,https://stackoverflow.com/questions/59384221/proper-way-to-return-a-pointer-to-a-new-object-from-an-rcpp-function,https://stackoverflow.com/questions/59384221/proper-way-to-return-a-pointer-to-a-new-object-from-an-rcpp-function,asker,targeted,IN,NA
f3de08f5bcf322e7,https://stackoverflow.com/questions/2798413/basic-heap-usage-statistics-in-gcc-on-64-bit-platform,https://stackoverflow.com/questions/2798413/basic-heap-usage-statistics-in-gcc-on-64-bit-platform,asker,targeted,GRW,R6
5c77a41ca405b6b4,https://stackoverflow.com/questions/79336699/simplest-possible-memory-management-in-c-webassembly-program-how-to,https://stackoverflow.com/questions/79336699/simplest-possible-memory-management-in-c-webassembly-program-how-to,asker,targeted,IN,NA
be31c0eef0d19954,https://stackoverflow.com/questions/26932750/why-is-this-struct-literal-getting-corrupted-when-passed-by-address-in-vs2013-bu,https://stackoverflow.com/questions/26932750/why-is-this-struct-literal-getting-corrupted-when-passed-by-address-in-vs2013-bu,asker,targeted,IN,NA
9d0d753b6dbeae35,https://stackoverflow.com/questions/79542518/can-i-safely-use-uintptr-t-in-my-arena-allocator,https://stackoverflow.com/questions/79542518/can-i-safely-use-uintptr-t-in-my-arena-allocator,asker,targeted,POOL,NA
05c0e6ebc5723fb7,https://stackoverflow.com/questions/1361139/how-to-avoid-memory-leaks-when-using-a-vector-of-pointers-to-dynamically-allocat,https://stackoverflow.com/questions/1361139/how-to-avoid-memory-leaks-when-using-a-vector-of-pointers-to-dynamically-allocat,asker,targeted,IN,"N1,O2"
4d81001d05fd8a09,https://stackoverflow.com/questions/1361139/how-to-avoid-memory-leaks-when-using-a-vector-of-pointers-to-dynamically-allocat,https://stackoverflow.com/questions/1361139/how-to-avoid-memory-leaks-when-using-a-vector-of-pointers-to-dynamically-allocat,asker,targeted,IN,P
dfac64bc3914e97d,https://stackoverflow.com/questions/12795196/clearing-a-vector-of-pointers,https://stackoverflow.com/questions/12795196/clearing-a-vector-of-pointers,asker,targeted,IN,V1
6cfb2ee0e562133c,https://stackoverflow.com/questions/12795196/clearing-a-vector-of-pointers,https://stackoverflow.com/questions/12795196/clearing-a-vector-of-pointers,asker,targeted,IN,"O2,N1"
4728621edc2c661c,https://stackoverflow.com/questions/31410858/adding-elements-to-stdvector-of-an-abstract-class,https://stackoverflow.com/questions/31410858/adding-elements-to-stdvector-of-an-abstract-class,asker,targeted,IN,"O2,L2"
2f12f3b06cd463f1,https://stackoverflow.com/questions/20158793/creating-c-vector-of-pointers,https://stackoverflow.com/questions/20158793/creating-c-vector-of-pointers,asker,targeted,IN,V1
7cdc141378273aea,https://stackoverflow.com/questions/19414331/safe-to-use-vector-emplace-back-new-mypointer-could-failure-inside-vector-le,https://stackoverflow.com/questions/19414331/safe-to-use-vector-emplace-back-new-mypointer-could-failure-inside-vector-le,asker,targeted,IN,"C1,O2"
c380deedbcaa669d,https://stackoverflow.com/questions/19414331/safe-to-use-vector-emplace-back-new-mypointer-could-failure-inside-vector-le,https://stackoverflow.com/questions/19414331/safe-to-use-vector-emplace-back-new-mypointer-could-failure-inside-vector-le,asker,targeted,IN,C1
d189a2a70eecc6b1,https://stackoverflow.com/questions/19414331/safe-to-use-vector-emplace-back-new-mypointer-could-failure-inside-vector-le,https://stackoverflow.com/questions/19414331/safe-to-use-vector-emplace-back-new-mypointer-could-failure-inside-vector-le,asker,targeted,IN,"C1,O2"
901dda66b11ad169,https://stackoverflow.com/questions/75600524/why-is-there-a-memory-leak-in-this-program-and-how-can-i-solve-it-given-the-con,https://stackoverflow.com/questions/75600524/why-is-there-a-memory-leak-in-this-program-and-how-can-i-solve-it-given-the-con,asker,targeted,IN,"D3,L2"
33ecd6d5ee9fdb8b,https://stackoverflow.com/questions/55768549/in-malloc-why-use-brk-at-all-why-not-just-use-mmap,https://stackoverflow.com/a/56629384,responder,targeted,POOL,NA
50f2b51c31f94c41,https://stackoverflow.com/questions/33114152/what-to-do-if-a-posix-close-call-fails,https://stackoverflow.com/a/33114363,responder,targeted,RES,C1
a4be4a7d563688eb,https://stackoverflow.com/questions/76274268/why-is-the-pandas-library-using-so-much-more-memory-on-ubuntu-than-mac-os,https://stackoverflow.com/questions/76274268/#comment134512979_76274268,asker,targeted,GRW,R6
5770b6e5950d58eb,https://stackoverflow.com/questions/73314413/why-does-my-c-program-suddenly-release-memory,https://stackoverflow.com/questions/73314413/#comment129475517_73314413,asker,targeted,GRW,R6
73bea95f06280b60,https://stackoverflow.com/questions/73314413/why-does-my-c-program-suddenly-release-memory,https://stackoverflow.com/questions/73314413/#comment129474744_73314413,asker,targeted,IN,R5
d3b07893ed9540c9,https://stackoverflow.com/questions/63003465/finding-leaks-that-disappear-at-exit,https://stackoverflow.com/questions/63003465/#comment111415534_63003465,responder,targeted,GRW,L3
f1cea1edb6273314,https://stackoverflow.com/questions/63003465/finding-leaks-that-disappear-at-exit,https://stackoverflow.com/questions/63003465/#comment111414094_63003465,responder,targeted,GRW,"V1,R6"
8859f92c19a8be66,https://stackoverflow.com/questions/62148840/how-to-safely-stop-a-iocp-wsarecv-task-and-free-the-wsaoverlapped-structure,https://stackoverflow.com/questions/62148840/#comment109943548_62148840,asker,targeted,RES,"RK,N1"
9a7b9fb8530edc43,https://stackoverflow.com/questions/77777506/the-segmentation-fault-in-malloc-trim0-when-run-asan,https://stackoverflow.com/questions/77777506/#comment137118051_77777506,responder,targeted,POOL,R5
0cc239d20405fcac,https://stackoverflow.com/questions/76168695/a-memory-leak-in-a-simple-python-c-extension,https://stackoverflow.com/questions/76168695/#comment134325470_76168695,responder,targeted,REF,N2
abd25b1972551349,https://stackoverflow.com/questions/76168695/a-memory-leak-in-a-simple-python-c-extension,https://stackoverflow.com/questions/76168695/#comment134325312_76168695,responder,targeted,REF,"N2,C2"
89d9eb293355bf96,https://stackoverflow.com/questions/75141650/memory-leak-in-microsofts-wmi-library-is-there-a-way-to-mitigate-it,https://stackoverflow.com/questions/75141650/#comment132602415_75141650,responder,targeted,GRW,R6
4bf81250ac31f41d,https://stackoverflow.com/questions/71866535/which-types-on-a-64-bit-computer-are-naturally-atomic-in-gnu-c-and-gnu-c-m,https://stackoverflow.com/questions/71866535/#comment126996312_71866535,asker,targeted,IN,NA
f61e782412b38501,https://stackoverflow.com/questions/71866535/which-types-on-a-64-bit-computer-are-naturally-atomic-in-gnu-c-and-gnu-c-m,https://stackoverflow.com/questions/71866535/#comment126996204_71866535,responder,targeted,IN,NA
f9b8829fcfd33824,https://stackoverflow.com/questions/71866535/which-types-on-a-64-bit-computer-are-naturally-atomic-in-gnu-c-and-gnu-c-m,https://stackoverflow.com/questions/71866535/#comment126996032_71866535,asker,targeted,IN,NA
46496da2056693e2,https://stackoverflow.com/questions/68639266/size-of-buffered-input-in-c,https://stackoverflow.com/questions/68639266/#comment121306692_68639266,responder,targeted,IN,NA
b263935caf58b3f2,https://stackoverflow.com/questions/66898984/segmentation-fault-when-replacing-malloc-calloc-realloc-and-free-via,https://stackoverflow.com/questions/66898984/#comment118254894_66898984,responder,targeted,IN,R5
38ba2fced9656288,https://stackoverflow.com/questions/66878316/ec-key-verification-failed,https://stackoverflow.com/questions/66878316/#comment118218954_66878316,responder,targeted,IN,R5
77a95622701d7b9b,https://stackoverflow.com/questions/65928467/how-to-use-thrust-and-valgrind-together-to-detect-memory-leaks,https://stackoverflow.com/questions/65928467/#comment116727933_65928467,asker,targeted,RES,R5
ed025c9a38de999e,https://stackoverflow.com/questions/63455251/how-to-destroy-cuda-graphics-datatypes,https://stackoverflow.com/questions/63455251/#comment112210442_63455251,responder,targeted,IN,V1
eaeca5f31c946885,https://stackoverflow.com/questions/68352718/is-it-necessary-to-call-destroy-on-a-stdcoroutine-handle,https://stackoverflow.com/questions/68352718/#comment131634255_68353059,responder,targeted,RES,L2
ba683bc8d70c9eb7,https://stackoverflow.com/questions/68352718/is-it-necessary-to-call-destroy-on-a-stdcoroutine-handle,https://stackoverflow.com/questions/68352718/#comment131634255_68353059,responder,targeted,RES,L2
ba9ede3e335b01fc,https://stackoverflow.com/questions/21057393/what-does-double-free-mean,https://stackoverflow.com/questions/21057393/#comment130329454_21057524,responder,targeted,UAF,D5
491ed09696be133a,https://stackoverflow.com/questions/5606589/why-do-i-not-need-to-free-this-memory,https://stackoverflow.com/questions/5606589/#comment105598098_5606926,responder,targeted,REF,L2
5a8291590990bbd5,https://stackoverflow.com/questions/5606589/why-do-i-not-need-to-free-this-memory,https://stackoverflow.com/questions/5606589/#comment105598098_5606926,responder,targeted,REF,L2
6304066e0ac88ac6,https://stackoverflow.com/questions/55768549/in-malloc-why-use-brk-at-all-why-not-just-use-mmap,https://stackoverflow.com/questions/55768549/#comment98212131_55768794,asker,targeted,GRW,K
cd8a62610a089bb2,https://stackoverflow.com/questions/75600524/why-is-there-a-memory-leak-in-this-program-and-how-can-i-solve-it-given-the-con,https://stackoverflow.com/questions/75600524/#comment133397136_75600700,responder,targeted,IN,NA
712afb1a5a1cf550,https://stackoverflow.com/questions/79542518/can-i-safely-use-uintptr-t-in-my-arena-allocator,https://stackoverflow.com/questions/79542518/#comment140276780_79542600,asker,targeted,IN,NA
1ea9bd67322ae2a9,https://stackoverflow.com/questions/14379328/return-char-from-function,https://stackoverflow.com/questions/14379328/#comment128055202_14379448,responder,targeted,IN,V1
e816378185c29c17,https://stackoverflow.com/questions/18455698/lightweight-memory-leak-debugging-on-linux,https://stackoverflow.com/questions/18455698/#comment97072570_41052003,responder,targeted,IN,D1
21100f939648773e,https://stackoverflow.com/questions/16659303/huge-memory-leak-with-libxml2,https://stackoverflow.com/questions/16659303/#comment65272489_16659756,responder,targeted,GRW,"R6,R3"
96384e4e0932cf7b,https://stackoverflow.com/questions/27900525/memory-leak-with-xmlcopynode-libxml2,https://stackoverflow.com/questions/27900525/#comment44203465_27901371,asker,targeted,LIB,"R3,L1"
1fe52fb167fc7f5a,https://stackoverflow.com/questions/26862876/memory-leak-after-returning-xmlchar-from-function,https://stackoverflow.com/questions/26862876/#comment42288674_26864195,asker,targeted,IN,N1
ef3a3eb41b1d7168,https://stackoverflow.com/questions/26862876/memory-leak-after-returning-xmlchar-from-function,https://stackoverflow.com/questions/26862876/#comment42288670_26864195,responder,targeted,IN,N1
4b90fdeceeae6132,https://stackoverflow.com/questions/26862876/memory-leak-after-returning-xmlchar-from-function,https://stackoverflow.com/questions/26862876/#comment42288508_26864195,responder,targeted,IN,N1
18e4fed0b18acbef,https://stackoverflow.com/questions/14379328/return-char-from-function,https://stackoverflow.com/questions/14379328/#comment20033176_14379448,asker,targeted,IN,NA
930b8293b9799e6c,https://stackoverflow.com/questions/14379328/return-char-from-function,https://stackoverflow.com/questions/14379328/#comment19999635_14379448,asker,targeted,IN,V1
a228e43b56b61db7,https://stackoverflow.com/questions/14379328/return-char-from-function,https://stackoverflow.com/questions/14379328/#comment19999303_14379401,asker,targeted,IN,D1
180e57cd0ede14d7,https://stackoverflow.com/questions/14379328/return-char-from-function,https://stackoverflow.com/questions/14379328/#comment19998954_14379401,asker,targeted,IN,D1
acf56bf766e19971,https://stackoverflow.com/questions/14379328/return-char-from-function,https://stackoverflow.com/questions/14379328/#comment19998954_14379401,asker,targeted,IN,D1
d068faf563b58a40,https://stackoverflow.com/questions/12795196/clearing-a-vector-of-pointers,https://stackoverflow.com/questions/12795196/#comment17300362_12795299,responder,targeted,IN,NA
a0b82668589c45a1,https://stackoverflow.com/questions/23537890/how-to-free-memory-allocated-to-local-static-pointer,https://stackoverflow.com/questions/23537890/how-to-free-memory-allocated-to-local-static-pointer,asker,dropped,IN,"L1,E2"
db944272b02ac821,https://stackoverflow.com/questions/55208988/if-free-is-called-inside-a-function-does-it-only-free-locally,https://stackoverflow.com/questions/55208988/if-free-is-called-inside-a-function-does-it-only-free-locally,asker,dropped,IN,D1
1aae3ab4bd0c41da,https://stackoverflow.com/questions/55208988/if-free-is-called-inside-a-function-does-it-only-free-locally,https://stackoverflow.com/questions/55208988/if-free-is-called-inside-a-function-does-it-only-free-locally,asker,dropped,IN,O1
874ae4f1ff4f860f,https://stackoverflow.com/questions/55208988/if-free-is-called-inside-a-function-does-it-only-free-locally,https://stackoverflow.com/questions/55208988/if-free-is-called-inside-a-function-does-it-only-free-locally,asker,dropped,IN,D1
4526443108d84419,https://stackoverflow.com/questions/21124065/free-dynamically-allocated-array-c,https://stackoverflow.com/questions/21124065/free-dynamically-allocated-array-c,asker,dropped,IN,"D1,O1"
32ac38a81892462a,https://stackoverflow.com/questions/21124065/free-dynamically-allocated-array-c,https://stackoverflow.com/questions/21124065/free-dynamically-allocated-array-c,asker,dropped,IN,O1
e60606386fce1687,https://stackoverflow.com/questions/21124065/free-dynamically-allocated-array-c,https://stackoverflow.com/questions/21124065/free-dynamically-allocated-array-c,asker,dropped,IN,O1
be29f62f3ce33055,https://stackoverflow.com/questions/8217694/malloc-in-a-loop-are-all-allocated-blocks-consecutive,https://stackoverflow.com/questions/8217694/malloc-in-a-loop-are-all-allocated-blocks-consecutive,asker,dropped,IN,N1
df61741ff421a9e4,https://stackoverflow.com/questions/24582389/what-memory-access-patterns-are-most-efficient-for-outer-product-type-double-loo,https://stackoverflow.com/questions/24582389/what-memory-access-patterns-are-most-efficient-for-outer-product-type-double-loo,asker,dropped,IN,NA
c51019709129f8e7,https://stackoverflow.com/questions/19600526/why-does-modifying-a-string-literal-cause-a-segmentation-fault,https://stackoverflow.com/questions/19600526/why-does-modifying-a-string-literal-cause-a-segmentation-fault,asker,dropped,IN,"A1,L1"
810e55701c1279c7,https://stackoverflow.com/questions/52734501/what-parts-of-the-codebase-are-making-binaries-large,https://stackoverflow.com/questions/52734501/what-parts-of-the-codebase-are-making-binaries-large,asker,dropped,IN,NA
5ac2d5af95020a76,https://stackoverflow.com/questions/1233063/hash-function-for-short-strings,https://stackoverflow.com/questions/1233063/hash-function-for-short-strings,asker,dropped,IN,NA
bc81932229497a95,https://stackoverflow.com/questions/15454403/deleting-an-object-off-the-stack,https://stackoverflow.com/questions/15454403/deleting-an-object-off-the-stack,asker,dropped,IN,A1
d1bd55a7258f1274,https://stackoverflow.com/questions/14109257/static-variables-in-a-window-procedure,https://stackoverflow.com/questions/14109257/static-variables-in-a-window-procedure,asker,dropped,IN,"A1,L2"
037703ecc424047f,https://stackoverflow.com/questions/39385520/do-i-have-to-free-static-dynamically-allocated-pointers,https://stackoverflow.com/questions/39385520/do-i-have-to-free-static-dynamically-allocated-pointers,asker,dropped,IN,L1
08a26f17b82b5992,https://stackoverflow.com/questions/39385520/do-i-have-to-free-static-dynamically-allocated-pointers,https://stackoverflow.com/questions/39385520/do-i-have-to-free-static-dynamically-allocated-pointers,asker,dropped,IN,"D1,C2"
1923fb34ee18e1f8,https://stackoverflow.com/questions/9564026/which-allocation-is-faster-malloc-vs-local-variable,https://stackoverflow.com/questions/9564026/which-allocation-is-faster-malloc-vs-local-variable,asker,dropped,POOL,NA
256db66be4a6ec42,https://stackoverflow.com/questions/15238745/static-vs-malloc,https://stackoverflow.com/questions/15238745/static-vs-malloc,asker,dropped,IN,O1
3380dda82ba04633,https://stackoverflow.com/questions/44314867/is-it-necessary-to-clean-up-stack-contents,https://stackoverflow.com/questions/44314867/is-it-necessary-to-clean-up-stack-contents,asker,dropped,IN,A1
d18e2cf1fbb18922,https://stackoverflow.com/questions/44314867/is-it-necessary-to-clean-up-stack-contents,https://stackoverflow.com/questions/44314867/is-it-necessary-to-clean-up-stack-contents,asker,dropped,IN,A1
433ebeb2d28b733a,https://stackoverflow.com/questions/1119134/how-do-malloc-and-free-work,https://stackoverflow.com/questions/1119134/how-do-malloc-and-free-work,asker,dropped,IN,NA
c6d1a5440aa181c9,https://stackoverflow.com/questions/72583216/is-it-unsafe-to-co-yield-a-pointer-to-a-local-coroutine-variable,https://stackoverflow.com/questions/72583216/is-it-unsafe-to-co-yield-a-pointer-to-a-local-coroutine-variable,asker,dropped,UAF,"D5,L2"
2d3cd5349b14390e,https://stackoverflow.com/questions/49568052/freeing-a-c-pointer-after-altering-its-value,https://stackoverflow.com/questions/49568052/freeing-a-c-pointer-after-altering-its-value,asker,dropped,IN,D2
6e4d2b011112b613,https://stackoverflow.com/questions/8424684/optimistic-reads-and-locking-stm-software-transactional-memory-with-c-c,https://stackoverflow.com/questions/8424684/optimistic-reads-and-locking-stm-software-transactional-memory-with-c-c,asker,dropped,UAF,"D5,L4"
63be35dcf8cb2ffd,https://stackoverflow.com/questions/11494379/how-to-offload-memory-offset-calculation-from-runtime-in-c-c,https://stackoverflow.com/questions/11494379/how-to-offload-memory-offset-calculation-from-runtime-in-c-c,asker,dropped,IN,K
706c1062088e801c,https://stackoverflow.com/questions/77748456/why-dont-we-use-dma-in-userland-for-ram-to-ram-copies,https://stackoverflow.com/questions/77748456/why-dont-we-use-dma-in-userland-for-ram-to-ram-copies,asker,dropped,IN,NA
6275b39c67809d2c,https://stackoverflow.com/questions/6013713/freeing-pointer-after-pointer-arithmetic,https://stackoverflow.com/questions/6013713/freeing-pointer-after-pointer-arithmetic,asker,dropped,IN,K
eb0bb5d7afd6acaa,https://stackoverflow.com/questions/6013713/freeing-pointer-after-pointer-arithmetic,https://stackoverflow.com/questions/6013713/freeing-pointer-after-pointer-arithmetic,asker,dropped,IN,D2
6462a6114a51cf8d,https://stackoverflow.com/questions/64246400/how-to-delete-elements-from-the-middle-of-a-pointer-array-using-free-or-any-ot,https://stackoverflow.com/questions/64246400/how-to-delete-elements-from-the-middle-of-a-pointer-array-using-free-or-any-ot,asker,dropped,IN,D2
154721db9408f366,https://stackoverflow.com/questions/64246400/how-to-delete-elements-from-the-middle-of-a-pointer-array-using-free-or-any-ot,https://stackoverflow.com/questions/64246400/how-to-delete-elements-from-the-middle-of-a-pointer-array-using-free-or-any-ot,asker,dropped,IN,D2
fc1394fd3346c86b,https://stackoverflow.com/questions/75991615/how-does-c-free-all-bytes-of-a-dynamically-allocated-array,https://stackoverflow.com/questions/75991615/how-does-c-free-all-bytes-of-a-dynamically-allocated-array,asker,dropped,IN,K
230832a3b85c148c,https://stackoverflow.com/questions/21500469/how-do-i-fix-this-error-with-allocation-and-deallocation-mismatch,https://stackoverflow.com/questions/21500469/how-do-i-fix-this-error-with-allocation-and-deallocation-mismatch,asker,dropped,IN,D3
048cdd3e5ef5220f,https://stackoverflow.com/questions/9986591/vectors-in-arduino,https://stackoverflow.com/questions/9986591/vectors-in-arduino,asker,dropped,IN,NA
ce23b652405e1973,https://stackoverflow.com/questions/63470660/c17-strange-behavior-in-memory-allocation-deallocation-order,https://stackoverflow.com/questions/63470660/c17-strange-behavior-in-memory-allocation-deallocation-order,asker,dropped,GRW,R6
f66cbe7310b22338,https://stackoverflow.com/questions/4394606/beyond-stack-sampling-c-profilers,https://stackoverflow.com/questions/4394606/beyond-stack-sampling-c-profilers,asker,dropped,IN,NA
b9017164d42e2018,https://stackoverflow.com/questions/871234/circular-lock-free-buffer,https://stackoverflow.com/questions/871234/circular-lock-free-buffer,asker,dropped,IN,NA
500bfe4ffdb9966e,https://stackoverflow.com/questions/871234/circular-lock-free-buffer,https://stackoverflow.com/questions/871234/circular-lock-free-buffer,asker,dropped,IN,NA
47c5833141051fe3,https://stackoverflow.com/questions/17562943/should-custom-containers-have-free-begin-end-functions,https://stackoverflow.com/questions/17562943/should-custom-containers-have-free-begin-end-functions,asker,dropped,IN,NA
ec50917715dc50f9,https://stackoverflow.com/questions/13654927/why-explicitly-delete-the-constructor-instead-of-making-it-private,https://stackoverflow.com/questions/13654927/why-explicitly-delete-the-constructor-instead-of-making-it-private,asker,dropped,IN,NA
de4c9bb22c23c248,https://stackoverflow.com/questions/13654927/why-explicitly-delete-the-constructor-instead-of-making-it-private,https://stackoverflow.com/questions/13654927/why-explicitly-delete-the-constructor-instead-of-making-it-private,asker,dropped,IN,NA
00329769669ee879,https://stackoverflow.com/questions/17612/how-do-you-place-a-file-in-recycle-bin-instead-of-delete,https://stackoverflow.com/questions/17612/how-do-you-place-a-file-in-recycle-bin-instead-of-delete,asker,dropped,IN,NA
e7b65af904d32f14,https://stackoverflow.com/questions/15752659/thread-pooling-in-c11,https://stackoverflow.com/questions/15752659/thread-pooling-in-c11,asker,dropped,IN,NA
82f86bf1516716c0,https://stackoverflow.com/questions/15752659/thread-pooling-in-c11,https://stackoverflow.com/questions/15752659/thread-pooling-in-c11,asker,dropped,IN,NA
a26d9ffcd0b0432d,https://stackoverflow.com/questions/15752659/thread-pooling-in-c11,https://stackoverflow.com/questions/15752659/thread-pooling-in-c11,asker,dropped,IN,NA
12bae627cc961c54,https://stackoverflow.com/questions/33374483/what-does-visual-studio-do-with-a-deleted-pointer-and-why,https://stackoverflow.com/questions/33374483/what-does-visual-studio-do-with-a-deleted-pointer-and-why,asker,dropped,IN,NA
367fe3d173e179c9,https://stackoverflow.com/questions/33374483/what-does-visual-studio-do-with-a-deleted-pointer-and-why,https://stackoverflow.com/questions/33374483/what-does-visual-studio-do-with-a-deleted-pointer-and-why,asker,dropped,UAF,D4
8cac509f164bee42,https://stackoverflow.com/questions/536439/is-modern-c-becoming-more-prevalent,https://stackoverflow.com/questions/536439/is-modern-c-becoming-more-prevalent,asker,dropped,IN,NA
cac517c84c3bfb91,https://stackoverflow.com/questions/65160150/is-it-necessary-to-free-the-memory-of-strings-in-c-received-from-c,https://stackoverflow.com/questions/65160150/is-it-necessary-to-free-the-memory-of-strings-in-c-received-from-c,asker,dropped,IN,"X1,O1"
6b95d59876b0d159,https://stackoverflow.com/questions/65160150/is-it-necessary-to-free-the-memory-of-strings-in-c-received-from-c,https://stackoverflow.com/questions/65160150/is-it-necessary-to-free-the-memory-of-strings-in-c-received-from-c,asker,dropped,IN,"X1,O1"
522f30a6c4961096,https://stackoverflow.com/questions/68457968/within-a-dll-function-returning-memory-where-to-allocate-and-where-to-deallocat,https://stackoverflow.com/questions/68457968/within-a-dll-function-returning-memory-where-to-allocate-and-where-to-deallocat,asker,dropped,IN,"X1,O1"
9f06d802ccccacbb,https://stackoverflow.com/questions/68457968/within-a-dll-function-returning-memory-where-to-allocate-and-where-to-deallocat,https://stackoverflow.com/questions/68457968/within-a-dll-function-returning-memory-where-to-allocate-and-where-to-deallocat,asker,dropped,IN,"X1,O1"
21f698b8dfb7377a,https://stackoverflow.com/questions/10129047/how-is-linux-cruntime-library-handled-compared-to-microsoft,https://stackoverflow.com/questions/10129047/how-is-linux-cruntime-library-handled-compared-to-microsoft,asker,dropped,IN,NA
183c38e7b862e424,https://stackoverflow.com/questions/18383844/invalid-pointer-becoming-valid-again,https://stackoverflow.com/questions/18383844/invalid-pointer-becoming-valid-again,asker,dropped,UAF,D5
897d970e1ad0e02a,https://stackoverflow.com/questions/704466/why-doesnt-delete-set-the-pointer-to-null,https://stackoverflow.com/questions/704466/why-doesnt-delete-set-the-pointer-to-null,asker,dropped,UAF,D4
0718b2eacc65088c,https://stackoverflow.com/questions/10360461/removing-item-from-vector-while-in-c11-range-for-loop,https://stackoverflow.com/questions/10360461/removing-item-from-vector-while-in-c11-range-for-loop,asker,dropped,IN,"D1,O2"
b7efa713d3c14d1d,https://stackoverflow.com/questions/28973502/crash-in-free,https://stackoverflow.com/questions/28973502/crash-in-free,asker,dropped,IN,D4
06764b333bcd4607,https://stackoverflow.com/questions/1478693/pointer-initialization-and-string-manipulation-in-c,https://stackoverflow.com/questions/1478693/pointer-initialization-and-string-manipulation-in-c,asker,dropped,IN,NA
0e02d98fbd3cd720,https://stackoverflow.com/questions/1478693/pointer-initialization-and-string-manipulation-in-c,https://stackoverflow.com/questions/1478693/pointer-initialization-and-string-manipulation-in-c,asker,dropped,IN,NA
935f290e83ad7eda,https://stackoverflow.com/questions/37184733/what-are-the-contents-of-the-memory-just-allocated-by-malloc,https://stackoverflow.com/questions/37184733/what-are-the-contents-of-the-memory-just-allocated-by-malloc,asker,dropped,IN,NA
50501ba4fc05087f,https://stackoverflow.com/questions/66606248/is-it-ub-to-return-a-pointer-to-local-variable,https://stackoverflow.com/questions/66606248/is-it-ub-to-return-a-pointer-to-local-variable,asker,dropped,UAF,D5
68968ecb6651526e,https://stackoverflow.com/questions/3647953/when-a-third-party-c-function-returns-a-pointer-should-you-free-it-yourself,https://stackoverflow.com/questions/3647953/when-a-third-party-c-function-returns-a-pointer-should-you-free-it-yourself,asker,dropped,IN,"A2,O1"
603789aaa6ca9bdd,https://stackoverflow.com/questions/3647953/when-a-third-party-c-function-returns-a-pointer-should-you-free-it-yourself,https://stackoverflow.com/questions/3647953/when-a-third-party-c-function-returns-a-pointer-should-you-free-it-yourself,asker,dropped,IN,O1
c5e9a6ad790770df,https://stackoverflow.com/questions/61476655/how-time-h-handles-memory,https://stackoverflow.com/questions/61476655/how-time-h-handles-memory,asker,dropped,IN,A2
3f5129917ce6e797,https://stackoverflow.com/questions/2848273/should-a-g-object-new-have-a-matching-g-object-unref,https://stackoverflow.com/questions/2848273/should-a-g-object-new-have-a-matching-g-object-unref,asker,dropped,REF,"A2,O1"
f636f05ee741eaa2,https://stackoverflow.com/questions/7733308/c-returning-string-from-function,https://stackoverflow.com/questions/7733308/c-returning-string-from-function,asker,dropped,IN,D1
589d84a829af3654,https://stackoverflow.com/questions/7733308/c-returning-string-from-function,https://stackoverflow.com/questions/7733308/c-returning-string-from-function,asker,dropped,IN,O1
53842d8a0118a3fe,https://stackoverflow.com/questions/76044569/how-do-i-free-allocated-memory-for-environ-in-c,https://stackoverflow.com/questions/76044569/how-do-i-free-allocated-memory-for-environ-in-c,asker,dropped,IN,A2
e59bb73aa05a9ca5,https://stackoverflow.com/questions/2662652/why-would-i-get-a-bus-error-or-segmentation-fault-when-calling-free-normally,https://stackoverflow.com/questions/2662652/why-would-i-get-a-bus-error-or-segmentation-fault-when-calling-free-normally,asker,dropped,HC,"H1,D4"
4db39920de2300ca,https://stackoverflow.com/questions/2662652/why-would-i-get-a-bus-error-or-segmentation-fault-when-calling-free-normally,https://stackoverflow.com/questions/2662652/why-would-i-get-a-bus-error-or-segmentation-fault-when-calling-free-normally,asker,dropped,IN,D4
9412a5d448c2d817,https://stackoverflow.com/questions/43187986/how-do-i-know-when-i-ought-to-free-strings-in-c-returned-by-library-functions,https://stackoverflow.com/questions/43187986/how-do-i-know-when-i-ought-to-free-strings-in-c-returned-by-library-functions,asker,dropped,IN,A2
bec0164b5e687295,https://stackoverflow.com/questions/43187986/how-do-i-know-when-i-ought-to-free-strings-in-c-returned-by-library-functions,https://stackoverflow.com/questions/43187986/how-do-i-know-when-i-ought-to-free-strings-in-c-returned-by-library-functions,asker,dropped,IN,A2
e11e962ae98d4deb,https://stackoverflow.com/questions/21437482/how-does-realloc-handle-memory-insufficiency,https://stackoverflow.com/questions/21437482/how-does-realloc-handle-memory-insufficiency,asker,dropped,IN,C2
779dfcab2e3a30f9,https://stackoverflow.com/questions/21437482/how-does-realloc-handle-memory-insufficiency,https://stackoverflow.com/questions/21437482/how-does-realloc-handle-memory-insufficiency,asker,dropped,IN,C2
ddb37dac88a5c158,https://stackoverflow.com/questions/26009570/what-improvements-does-gccs-builtin-malloc-provide-over-plain-malloc,https://stackoverflow.com/questions/26009570/what-improvements-does-gccs-builtin-malloc-provide-over-plain-malloc,asker,dropped,IN,A3
226ac71bfdeb08c3,https://stackoverflow.com/questions/17914579/using-original-pointer-after-realloc,https://stackoverflow.com/questions/17914579/using-original-pointer-after-realloc,asker,dropped,UAF,D5
78ab155855c8ab2d,https://stackoverflow.com/questions/17914579/using-original-pointer-after-realloc,https://stackoverflow.com/questions/17914579/using-original-pointer-after-realloc,asker,dropped,UAF,D5
4c32478e1a3e5058,https://stackoverflow.com/questions/26353694/why-is-freeusr-input-not-working,https://stackoverflow.com/questions/26353694/why-is-freeusr-input-not-working,asker,dropped,IN,G
506f5b6afaa7357d,https://stackoverflow.com/questions/22901208/why-wont-free-work,https://stackoverflow.com/questions/22901208/why-wont-free-work,asker,dropped,IN,G
896e740bf9428bbd,https://stackoverflow.com/questions/65595869/why-does-my-server-for-my-client-server-solution-shut-down-connection-immediatel,https://stackoverflow.com/questions/65595869/why-does-my-server-for-my-client-server-solution-shut-down-connection-immediatel,asker,dropped,IN,NA
c1803c4207cfdff2,https://stackoverflow.com/questions/65595869/why-does-my-server-for-my-client-server-solution-shut-down-connection-immediatel,https://stackoverflow.com/questions/65595869/why-does-my-server-for-my-client-server-solution-shut-down-connection-immediatel,asker,dropped,IN,NA
72e06915005bf2d9,https://stackoverflow.com/questions/17306417/implementing-a-memory-manager-in-multithreaded-c-c-with-dynamically-sized-memo,https://stackoverflow.com/questions/17306417/implementing-a-memory-manager-in-multithreaded-c-c-with-dynamically-sized-memo,asker,dropped,POOL,NA
2bcd3c5e5e0e3a56,https://stackoverflow.com/questions/17306417/implementing-a-memory-manager-in-multithreaded-c-c-with-dynamically-sized-memo,https://stackoverflow.com/questions/17306417/implementing-a-memory-manager-in-multithreaded-c-c-with-dynamically-sized-memo,asker,dropped,POOL,NA
2ae8ae42e1829913,https://stackoverflow.com/questions/17306417/implementing-a-memory-manager-in-multithreaded-c-c-with-dynamically-sized-memo,https://stackoverflow.com/questions/17306417/implementing-a-memory-manager-in-multithreaded-c-c-with-dynamically-sized-memo,asker,dropped,POOL,NA
376818226124d5a8,https://stackoverflow.com/questions/17306417/implementing-a-memory-manager-in-multithreaded-c-c-with-dynamically-sized-memo,https://stackoverflow.com/questions/17306417/implementing-a-memory-manager-in-multithreaded-c-c-with-dynamically-sized-memo,asker,dropped,POOL,NA
b701899f581d6219,https://stackoverflow.com/questions/1663000/can-a-variable-be-used-to-define-the-size-of-an-array-on-the-stack-in-c,https://stackoverflow.com/questions/1663000/can-a-variable-be-used-to-define-the-size-of-an-array-on-the-stack-in-c,asker,dropped,IN,NA
aeb252164561ba4f,https://stackoverflow.com/questions/30239619/should-i-put-large-arrays-on-stack-or-heap,https://stackoverflow.com/questions/30239619/should-i-put-large-arrays-on-stack-or-heap,asker,dropped,GRW,R6
adfe234f040d9c05,https://stackoverflow.com/questions/48590861/valgrind-c-argument-of-function-has-a-fishy-possibly-negative-value,https://stackoverflow.com/questions/48590861/valgrind-c-argument-of-function-has-a-fishy-possibly-negative-value,asker,dropped,IN,R3
8578258ad3980dfe,https://stackoverflow.com/questions/37035739/how-does-mri-ruby-store-the-contents-of-a-string,https://stackoverflow.com/questions/37035739/how-does-mri-ruby-store-the-contents-of-a-string,asker,dropped,POOL,D1
222907dee637edfe,https://stackoverflow.com/questions/68944842/alternatives-to-register-printf-specifier-to-print-numbers-in-binary-format-us,https://stackoverflow.com/questions/68944842/alternatives-to-register-printf-specifier-to-print-numbers-in-binary-format-us,asker,dropped,IN,NA
df3df3593817f2b4,https://stackoverflow.com/questions/28767234/what-container-to-store-unique-values,https://stackoverflow.com/questions/28767234/what-container-to-store-unique-values,asker,dropped,IN,NA
a3885c1e002a5e40,https://stackoverflow.com/questions/22577735/small-c-container,https://stackoverflow.com/questions/22577735/small-c-container,asker,dropped,IN,NA
923c9802bbff50d8,https://stackoverflow.com/questions/1119134/how-do-malloc-and-free-work,https://stackoverflow.com/a/1119334,responder,dropped,IN,NA
3a9d41321deaa336,https://stackoverflow.com/questions/62649203/how-did-python-implement-type-free-variables-from-a-statically-typed-language,https://stackoverflow.com/a/62649621,responder,dropped,IN,NA
bdb3fb7406f485a0,https://stackoverflow.com/questions/14588767/where-in-memory-are-my-variables-stored-in-c,https://stackoverflow.com/a/60741575,responder,dropped,IN,NA
cf89f15f0cca70c7,https://stackoverflow.com/questions/22793669/poor-memcpy-performance-on-linux,https://stackoverflow.com/a/43039897,responder,dropped,IN,NA
82a19ae07f567bf6,https://stackoverflow.com/questions/31769793/sequential-memory-allocation,https://stackoverflow.com/a/31769885,responder,dropped,POOL,D1
7520edc2f62c621a,https://stackoverflow.com/questions/13654927/why-explicitly-delete-the-constructor-instead-of-making-it-private,https://stackoverflow.com/a/50936504,responder,dropped,IN,NA
302a7cfc55fe84e4,https://stackoverflow.com/questions/4025869/using-mixing-c-in-c-code,https://stackoverflow.com/a/4025907,responder,dropped,IN,C1
b3a2c0cc00aabef9,https://stackoverflow.com/questions/15752659/thread-pooling-in-c11,https://stackoverflow.com/a/74664339,responder,dropped,IN,NA
bbccaeef2553d3ed,https://stackoverflow.com/questions/704466/why-doesnt-delete-set-the-pointer-to-null,https://stackoverflow.com/a/77101544,responder,dropped,IN,NA
ea81355500f0db87,https://stackoverflow.com/questions/13294715/why-does-my-quicksort-crash-on-large-inputs,https://stackoverflow.com/a/13295562,responder,dropped,IN,NA
aa2230f74a972524,https://stackoverflow.com/questions/28896609/how-to-distinguish-between-strings-in-heap-or-literals,https://stackoverflow.com/questions/28896609/#comment46059115_28896609,responder,dropped,IN,NA
1ead76f380ccdb8d,https://stackoverflow.com/questions/14170010/strict-aliasing-and-memory-alignment,https://stackoverflow.com/questions/14170010/#comment19633825_14170010,responder,dropped,IN,NA
a9d513e1c561f4b5,https://stackoverflow.com/questions/77748456/why-dont-we-use-dma-in-userland-for-ram-to-ram-copies,https://stackoverflow.com/questions/77748456/#comment137073633_77748456,asker,dropped,IN,NA
22ead9beade0315d,https://stackoverflow.com/questions/77748456/why-dont-we-use-dma-in-userland-for-ram-to-ram-copies,https://stackoverflow.com/questions/77748456/#comment137068442_77748456,responder,dropped,IN,NA
1e30ace5e6ff0043,https://stackoverflow.com/questions/39385520/do-i-have-to-free-static-dynamically-allocated-pointers,https://stackoverflow.com/questions/39385520/#comment66108346_39385520,responder,dropped,IN,L1
2ddffba08ded64fb,https://stackoverflow.com/questions/15454403/deleting-an-object-off-the-stack,https://stackoverflow.com/questions/15454403/#comment21866397_15454403,responder,dropped,IN,A1
fd08c787a48fdd33,https://stackoverflow.com/questions/12159739/linux-driver-development-difference-between-pci-and-pcie-driver,https://stackoverflow.com/questions/12159739/#comment16309611_12159739,responder,dropped,RES,"RK,D1"
c2b0ecd9aefd2d8f,https://stackoverflow.com/questions/11494379/how-to-offload-memory-offset-calculation-from-runtime-in-c-c,https://stackoverflow.com/questions/11494379/#comment15184468_11494379,asker,dropped,IN,NA
e65ed05b1bb0042e,https://stackoverflow.com/questions/11494379/how-to-offload-memory-offset-calculation-from-runtime-in-c-c,https://stackoverflow.com/questions/11494379/#comment15183811_11494379,responder,dropped,IN,NA
3a5600df2318c530,https://stackoverflow.com/questions/7079062/pointer-and-allocation-outside-function-or-static-variable-and-allocation-inside,https://stackoverflow.com/questions/7079062/#comment8472072_7079062,responder,dropped,IN,O1
56503cff60c72bbb,https://stackoverflow.com/questions/4418708/whats-the-rationale-for-null-terminated-strings,https://stackoverflow.com/questions/4418708/#comment4840092_4418708,responder,dropped,IN,NA
acc33f0ced2001ad,https://stackoverflow.com/questions/77460808/shared-memory-vs-named-pipe-comparison-gone-wrong-pipe-is-faster,https://stackoverflow.com/questions/77460808/#comment136562025_77460808,responder,dropped,IN,NA
c9330d287d15a2a1,https://stackoverflow.com/questions/57644453/why-is-my-acronym-lookup-utility-surprisingly-slow,https://stackoverflow.com/questions/57644453/#comment101740700_57644453,asker,dropped,IN,N1
17090b931fa83cda,https://stackoverflow.com/questions/57644453/why-is-my-acronym-lookup-utility-surprisingly-slow,https://stackoverflow.com/questions/57644453/#comment101740700_57644453,asker,dropped,IN,N1
0e182a4b846e6340,https://stackoverflow.com/questions/33381783/memory-overwriting-while-building-an-array-of-strings-from-file-data,https://stackoverflow.com/questions/33381783/#comment54557316_33381783,responder,dropped,IN,T1
ceb6474f72380071,https://stackoverflow.com/questions/74218524/allocating-on-heap-and-then-use-shared-pointer-how-to-free-the-data,https://stackoverflow.com/questions/74218524/#comment131035788_74218524,asker,dropped,IN,NA
a012566b53e0ca4d,https://stackoverflow.com/questions/74218524/allocating-on-heap-and-then-use-shared-pointer-how-to-free-the-data,https://stackoverflow.com/questions/74218524/#comment131035776_74218524,responder,dropped,IN,NA
e5a1aa6a14e71ff8,https://stackoverflow.com/questions/33374483/what-does-visual-studio-do-with-a-deleted-pointer-and-why,https://stackoverflow.com/questions/33374483/#comment54580683_33374483,responder,dropped,UAF,D5
4631f63878425e65,https://stackoverflow.com/questions/33374483/what-does-visual-studio-do-with-a-deleted-pointer-and-why,https://stackoverflow.com/questions/33374483/#comment54580037_33374483,responder,dropped,UAF,D5
256209c5d422bb89,https://stackoverflow.com/questions/17024866/when-is-it-valid-to-access-a-pointer-to-a-dead-object,https://stackoverflow.com/questions/17024866/#comment24607163_17024866,responder,dropped,UAF,"D5,L2"
bb2e80647cc5b681,https://stackoverflow.com/questions/15752659/thread-pooling-in-c11,https://stackoverflow.com/questions/15752659/#comment22387749_15752659,responder,dropped,IN,NA
896f8668ad99a53c,https://stackoverflow.com/questions/4595675/determining-whether-pointer-is-valid,https://stackoverflow.com/questions/4595675/#comment5049040_4595675,responder,dropped,IN,"A1,O1"
abe42b34f3010b35,https://stackoverflow.com/questions/66606248/is-it-ub-to-return-a-pointer-to-local-variable,https://stackoverflow.com/questions/66606248/#comment117745006_66606248,asker,dropped,UAF,D5
8034c362afa3c922,https://stackoverflow.com/questions/43187986/how-do-i-know-when-i-ought-to-free-strings-in-c-returned-by-library-functions,https://stackoverflow.com/questions/43187986/#comment73450292_43187986,asker,dropped,IN,A2
f6faee6e603288f6,https://stackoverflow.com/questions/5120768/how-to-implement-the-factory-method-pattern-in-c-correctly,https://stackoverflow.com/questions/5120768/#comment25254492_5120768,responder,dropped,IN,V1
04133f3aa6ba8c46,https://stackoverflow.com/questions/48590861/valgrind-c-argument-of-function-has-a-fishy-possibly-negative-value,https://stackoverflow.com/questions/48590861/#comment84178934_48590861,responder,dropped,IN,T1
b419486ee84f5abf,https://stackoverflow.com/questions/41660675/error-when-reading-a-file-with-fgetc-overflow,https://stackoverflow.com/questions/41660675/#comment70574467_41660675,responder,dropped,IN,NA
0487aed2cbf60d8c,https://stackoverflow.com/questions/30239619/should-i-put-large-arrays-on-stack-or-heap,https://stackoverflow.com/questions/30239619/#comment48582997_30239619,responder,dropped,IN,NA
5bc37590163bb8e5,https://stackoverflow.com/questions/7951433/shifting-by-1-an-array-of-c-structures,https://stackoverflow.com/questions/7951433/#comment9719113_7951433,responder,dropped,IN,NA
65110347f43c65a8,https://stackoverflow.com/questions/28767234/what-container-to-store-unique-values,https://stackoverflow.com/questions/28767234/#comment45813376_28767234,responder,dropped,POOL,NA
54dfb919757c4f74,https://stackoverflow.com/questions/13435374/why-does-malloc-return-null-with-plenty-of-memory-and-always-at-the-same-point,https://stackoverflow.com/questions/13435374/#comment18366501_13435374,responder,dropped,IN,R5
449c19e6ef4c159d,https://stackoverflow.com/questions/8217694/malloc-in-a-loop-are-all-allocated-blocks-consecutive,https://stackoverflow.com/questions/8217694/#comment10103474_8217737,asker,dropped,IN,N1
d5f222133d5fa590,https://stackoverflow.com/questions/20415642/working-with-large-local-arrays-is-there-a-faster-way-than-malloc,https://stackoverflow.com/questions/20415642/#comment30533188_20415691,asker,dropped,IN,NA
cdfe2f5430f929ec,https://stackoverflow.com/questions/8611198/understanding-memory-allocation-test-program-crashing,https://stackoverflow.com/questions/8611198/#comment10687831_8611219,asker,dropped,GRW,R6
cfd1e22e8dd891bc,https://stackoverflow.com/questions/1119134/how-do-malloc-and-free-work,https://stackoverflow.com/questions/1119134/#comment116344247_1119334,responder,dropped,GRW,"R6,L1"
79b3987071bac1f9,https://stackoverflow.com/questions/2022335/whats-the-point-of-malloc0,https://stackoverflow.com/questions/2022335/#comment83026101_2022369,responder,dropped,IN,D4
52e3530402f1f561,https://stackoverflow.com/questions/1119134/how-do-malloc-and-free-work,https://stackoverflow.com/questions/1119134/#comment64938271_1119334,responder,dropped,HC,H1
0ce0f0babdb944e4,https://stackoverflow.com/questions/2022335/whats-the-point-of-malloc0,https://stackoverflow.com/questions/2022335/#comment63418765_2022402,responder,dropped,IN,D4
41e8fc66b96e10d2,https://stackoverflow.com/questions/605845/should-i-cast-the-result-of-malloc-in-c,https://stackoverflow.com/questions/605845/#comment48470594_14879184,responder,dropped,IN,NA
694d6d0113cdaae5,https://stackoverflow.com/questions/4418708/whats-the-rationale-for-null-terminated-strings,https://stackoverflow.com/questions/4418708/#comment4823342_4419740,responder,dropped,IN,NA
97c4b06cbd02ec7a,https://stackoverflow.com/questions/605845/should-i-cast-the-result-of-malloc-in-c,https://stackoverflow.com/questions/605845/#comment422670_605994,responder,dropped,IN,D3
09cc4d0501eeb45d,https://stackoverflow.com/questions/15238745/static-vs-malloc,https://stackoverflow.com/questions/15238745/#comment21487167_15238783,asker,dropped,IN,NA
3fd5e8f22fe8694d,https://stackoverflow.com/questions/39385520/do-i-have-to-free-static-dynamically-allocated-pointers,https://stackoverflow.com/questions/39385520/#comment66098448_39385612,responder,dropped,IN,L1
e0958ab71066ce85,https://stackoverflow.com/questions/8424684/optimistic-reads-and-locking-stm-software-transactional-memory-with-c-c,https://stackoverflow.com/questions/8424684/#comment10418544_8431297,asker,dropped,UAF,"D5,L4"
8ef8541f27bc586e,https://stackoverflow.com/questions/8424684/optimistic-reads-and-locking-stm-software-transactional-memory-with-c-c,https://stackoverflow.com/questions/8424684/#comment10418544_8431297,asker,dropped,UAF,D5
0af9a1b853b52ddf,https://stackoverflow.com/questions/62993273/reset-pointer-position-of-an-array-of-strings-within-a-function-in-c,https://stackoverflow.com/questions/62993273/#comment111396586_62993497,asker,dropped,IN,"E3,D4"
c35b783199c8b0c8,https://stackoverflow.com/questions/2022335/whats-the-point-of-malloc0,https://stackoverflow.com/questions/2022335/#comment134607708_20867246,responder,dropped,HC,H1
e2292365c115694f,https://stackoverflow.com/questions/15752659/thread-pooling-in-c11,https://stackoverflow.com/questions/15752659/#comment138624165_32593825,responder,dropped,IN,NA
1d162e39bab173b7,https://stackoverflow.com/questions/15752659/thread-pooling-in-c11,https://stackoverflow.com/questions/15752659/#comment124816014_25684747,responder,dropped,THR,L4
f4bd158a56bebedc,https://stackoverflow.com/questions/67887264/c-programing-reading-a-text-from-standard-input-into-dynamic-array-or-a-dynami,https://stackoverflow.com/questions/67887264/#comment120003133_67892435,responder,dropped,IN,R5
aa463430bffde78f,https://stackoverflow.com/questions/15752659/thread-pooling-in-c11,https://stackoverflow.com/questions/15752659/#comment106826273_32593825,responder,dropped,THR,L4
ac899ee5576b1d16,https://stackoverflow.com/questions/15752659/thread-pooling-in-c11,https://stackoverflow.com/questions/15752659/#comment82722401_32593825,responder,dropped,IN,NA
e1dbce718ea98362,https://stackoverflow.com/questions/13654927/why-explicitly-delete-the-constructor-instead-of-making-it-private,https://stackoverflow.com/questions/13654927/#comment67754210_13654975,responder,dropped,IN,NA
8cfb294370c3c9e0,https://stackoverflow.com/questions/5026197/what-c-smart-pointer-implementations-are-available,https://stackoverflow.com/questions/5026197/#comment8789883_5026705,responder,dropped,IN,NA
0ec8275e93acb68e,https://stackoverflow.com/questions/161053/which-is-faster-stack-allocation-or-heap-allocation,https://stackoverflow.com/questions/161053/#comment128642474_53132683,responder,dropped,IN,NA
88a0fcea86a18744,https://stackoverflow.com/questions/66930450/how-can-i-make-my-class-immune-to-the-auto-value-copy-of-proxy-landmine-in-c,https://stackoverflow.com/questions/66930450/#comment118347228_66931919,responder,dropped,IN,NA
49a94a7ca6a7ec70,https://stackoverflow.com/questions/13654927/why-explicitly-delete-the-constructor-instead-of-making-it-private,https://stackoverflow.com/questions/13654927/#comment111121660_50936504,responder,dropped,IN,NA
99f11a3119aa76d1,https://stackoverflow.com/questions/33374483/what-does-visual-studio-do-with-a-deleted-pointer-and-why,https://stackoverflow.com/questions/33374483/#comment54628971_33375390,asker,dropped,UAF,"D4,E3"
721fbf5d8f98ddb8,https://stackoverflow.com/questions/17562943/should-custom-containers-have-free-begin-end-functions,https://stackoverflow.com/questions/17562943/#comment25554772_17564445,responder,dropped,IN,NA
3fc6c8d39420c62e,https://stackoverflow.com/questions/17562943/should-custom-containers-have-free-begin-end-functions,https://stackoverflow.com/questions/17562943/#comment25554698_17564445,responder,dropped,IN,NA
ed8b2445ecf641ea,https://stackoverflow.com/questions/17024866/when-is-it-valid-to-access-a-pointer-to-a-dead-object,https://stackoverflow.com/questions/17024866/#comment24606826_17025177,responder,dropped,IN,D4
497390e43ccd1c44,https://stackoverflow.com/questions/871234/circular-lock-free-buffer,https://stackoverflow.com/questions/871234/#comment8329145_871406,responder,dropped,IN,NA
23074f938edf66b3,https://stackoverflow.com/questions/4595675/determining-whether-pointer-is-valid,https://stackoverflow.com/questions/4595675/#comment5049351_4596289,asker,dropped,IN,NA
d89cc0eb8a20ca17,https://stackoverflow.com/questions/871234/circular-lock-free-buffer,https://stackoverflow.com/questions/871234/#comment683063_871632,responder,dropped,IN,NA
bac3f163f84994fd,https://stackoverflow.com/questions/871234/circular-lock-free-buffer,https://stackoverflow.com/questions/871234/#comment79462396_46246493,responder,dropped,IN,NA
457ef7236221660a,https://stackoverflow.com/questions/4595675/determining-whether-pointer-is-valid,https://stackoverflow.com/questions/4595675/#comment5051924_4596920,responder,dropped,IN,NA
0f13581c1c731746,https://stackoverflow.com/questions/704466/why-doesnt-delete-set-the-pointer-to-null,https://stackoverflow.com/questions/704466/#comment135920863_704500,responder,dropped,IN,NA
df3b9d19a8f4b817,https://stackoverflow.com/questions/74218524/allocating-on-heap-and-then-use-shared-pointer-how-to-free-the-data,https://stackoverflow.com/questions/74218524/#comment131036684_74218699,asker,dropped,IN,D1
5c4cdc2a41694e2d,https://stackoverflow.com/questions/74218524/allocating-on-heap-and-then-use-shared-pointer-how-to-free-the-data,https://stackoverflow.com/questions/74218524/#comment131036135_74218699,asker,dropped,IN,NA
4f30c4201cd1ab4a,https://stackoverflow.com/questions/1588788/wrapping-c-class-api-for-c-consumption,https://stackoverflow.com/questions/1588788/#comment112581894_19385160,responder,dropped,IN,NA
8b5ae36cd7cf0ece,https://stackoverflow.com/questions/704466/why-doesnt-delete-set-the-pointer-to-null,https://stackoverflow.com/questions/704466/#comment53032206_704489,responder,dropped,IN,NA
b79aad629a996e87,https://stackoverflow.com/questions/11598990/is-stdstoi-actually-safe-to-use,https://stackoverflow.com/questions/11598990/#comment15422934_11599810,asker,dropped,IN,NA
0a1ccd8e0116edca,https://stackoverflow.com/questions/728233/why-are-references-not-reseatable-in-c,https://stackoverflow.com/questions/728233/#comment541391_728298,responder,dropped,IN,NA
1ca853ee5924b565,https://stackoverflow.com/questions/38792542/readline-h-history-usage-in-c,https://stackoverflow.com/questions/38792542/#comment96918730_38794313,responder,dropped,IN,D1
26d65d99c32c11ac,https://stackoverflow.com/questions/7432100/how-to-get-integer-thread-id-in-c11,https://stackoverflow.com/questions/7432100/#comment87064029_48073865,responder,dropped,IN,NA
f6647bf9de52bebd,https://stackoverflow.com/questions/39366248/customizing-completion-of-gtkcomboboxtext,https://stackoverflow.com/questions/39366248/#comment66170354_39420466,asker,dropped,IN,NA
198930c02c8c9bab,https://stackoverflow.com/questions/37184733/what-are-the-contents-of-the-memory-just-allocated-by-malloc,https://stackoverflow.com/questions/37184733/#comment61902902_37184840,responder,dropped,IN,NA
c57543af5006fca3,https://stackoverflow.com/questions/37184733/what-are-the-contents-of-the-memory-just-allocated-by-malloc,https://stackoverflow.com/questions/37184733/#comment61902609_37184840,responder,dropped,IN,NA
1c7a6264041efdde,https://stackoverflow.com/questions/5120768/how-to-implement-the-factory-method-pattern-in-c-correctly,https://stackoverflow.com/questions/5120768/#comment8102172_5120904,asker,dropped,IN,NA
55bee6f39579a9da,https://stackoverflow.com/questions/10360461/removing-item-from-vector-while-in-c11-range-for-loop,https://stackoverflow.com/questions/10360461/#comment81460873_36011412,responder,dropped,IN,NA
057f25a53e16c40e,https://stackoverflow.com/questions/43187986/how-do-i-know-when-i-ought-to-free-strings-in-c-returned-by-library-functions,https://stackoverflow.com/questions/43187986/#comment73450785_43188145,asker,dropped,IN,A2
137774f9003607ba,https://stackoverflow.com/questions/28973502/crash-in-free,https://stackoverflow.com/questions/28973502/#comment46199047_28973882,asker,dropped,IN,A2
4c5199d48f36c1f4,https://stackoverflow.com/questions/73899093/interfacing-c-iterators-from-c,https://stackoverflow.com/questions/73899093/#comment130485974_73899257,asker,dropped,IN,NA
f064fe67f1a7d153,https://stackoverflow.com/questions/41660675/error-when-reading-a-file-with-fgetc-overflow,https://stackoverflow.com/questions/41660675/#comment70520946_41661147,asker,dropped,IN,NA
874e3ce8e4488188,https://stackoverflow.com/questions/41660675/error-when-reading-a-file-with-fgetc-overflow,https://stackoverflow.com/questions/41660675/#comment70520881_41661147,responder,dropped,IN,O1
2f5a97af6f2c0461,https://stackoverflow.com/questions/41660675/error-when-reading-a-file-with-fgetc-overflow,https://stackoverflow.com/questions/41660675/#comment70520824_41661147,asker,dropped,IN,C2
8cf8d2ac84740c02,https://stackoverflow.com/questions/26020580/huge-stdvectorstdvector-does-not-release-all-memory-on-destruction,https://stackoverflow.com/questions/26020580/#comment40757827_26020785,asker,dropped,GRW,R6
5434719b7fa0963a,https://stackoverflow.com/questions/59618533/stdvector-abuses-automatic-storage,https://stackoverflow.com/questions/59618533/#comment105421814_59618812,responder,dropped,IN,NA
