unit_key,issue_url,comment_id,form,ordinal,role,search_theme,theme,codes
https://github.com/lacatoire/php-src/issues/2659|-|0,https://github.com/lacatoire/php-src/issues/2659,-,S,0,R,RES-fd,RES,"RK,C1"
https://github.com/lacatoire/php-src/issues/2659|-|1,https://github.com/lacatoire/php-src/issues/2659,-,S,1,R,RES-fd,RES,"RK,L3"
https://github.com/lacatoire/php-src/issues/2659|-|2,https://github.com/lacatoire/php-src/issues/2659,-,S,2,R,RES-fd,RES,NA
https://github.com/nasa/cFS/issues/1104|-|0,https://github.com/nasa/cFS/issues/1104,-,S,0,R,RES-fd,RES,"RK,D1"
https://github.com/nasa/cFS/issues/1104|-|1,https://github.com/nasa/cFS/issues/1104,-,S,1,R,RES-fd,RES,"RK,L3"
https://github.com/nasa/cFS/issues/1104|-|2,https://github.com/nasa/cFS/issues/1104,-,S,2,R,RES-fd,RES,A4
https://github.com/nasa/cFS/issues/1104|-|3,https://github.com/nasa/cFS/issues/1104,-,S,3,R,RES-fd,RES,"RK,L3"
https://github.com/Keriew/augustus/issues/1207|-|0,https://github.com/Keriew/augustus/issues/1207,-,S,0,R,RES-fd,RES,"RK,R4"
https://github.com/Keriew/augustus/issues/1207|-|1,https://github.com/Keriew/augustus/issues/1207,-,S,1,R,RES-fd,RES,L3
https://github.com/Keriew/augustus/issues/1207|-|2,https://github.com/Keriew/augustus/issues/1207,-,S,2,R,RES-fd,RES,L3
https://github.com/Keriew/augustus/issues/1207|2829794735|0,https://github.com/Keriew/augustus/issues/1207,2829794735,S,0,M,RES-fd,RES,R3
https://github.com/Keriew/augustus/issues/1207|2833342554|0,https://github.com/Keriew/augustus/issues/1207,2833342554,S,0,R,RES-fd,RES,R3
https://github.com/Keriew/augustus/issues/1207|2833376452|0,https://github.com/Keriew/augustus/issues/1207,2833376452,S,0,M,RES-fd,RES,R3
https://github.com/Keriew/augustus/issues/1207|3042176463|0,https://github.com/Keriew/augustus/issues/1207,3042176463,Q,0,M,RES-fd,RES,R3
https://github.com/rigel314/folderTail/issues/1|-|0,https://github.com/rigel314/folderTail/issues/1,-,S,0,R,RES-fd,RES,"RK,D1"
https://github.com/aliyun/iotkit-embedded/issues/174|-|0,https://github.com/aliyun/iotkit-embedded/issues/174,-,S,0,R,RES-fd,RES,RK
https://github.com/aliyun/iotkit-embedded/issues/174|-|1,https://github.com/aliyun/iotkit-embedded/issues/174,-,S,1,R,RES-fd,RES,"RK,C1"
https://github.com/aliyun/iotkit-embedded/issues/174|-|2,https://github.com/aliyun/iotkit-embedded/issues/174,-,S,2,R,RES-fd,RES,"RK,E1"
https://github.com/aliyun/iotkit-embedded/issues/174|-|3,https://github.com/aliyun/iotkit-embedded/issues/174,-,S,3,R,RES-fd,RES,"RK,N3,C1"
https://github.com/eclipse-mosquitto/mosquitto/issues/3678|-|0,https://github.com/eclipse-mosquitto/mosquitto/issues/3678,-,S,0,R,RES-fd,RES,"RK,C1"
https://github.com/eclipse-mosquitto/mosquitto/issues/3678|-|1,https://github.com/eclipse-mosquitto/mosquitto/issues/3678,-,S,1,R,RES-fd,RES,"RK,C1"
https://github.com/eclipse-mosquitto/mosquitto/issues/3678|-|2,https://github.com/eclipse-mosquitto/mosquitto/issues/3678,-,S,2,R,RES-fd,RES,"RK,O2,C1"
https://github.com/eclipse-mosquitto/mosquitto/issues/3678|-|3,https://github.com/eclipse-mosquitto/mosquitto/issues/3678,-,S,3,R,RES-fd,RES,"RK,C1"
https://github.com/containers/fuse-overlayfs/issues/378|-|0,https://github.com/containers/fuse-overlayfs/issues/378,-,S,0,R,RES-fd,RES,"RK,X1"
https://github.com/containers/fuse-overlayfs/issues/378|-|1,https://github.com/containers/fuse-overlayfs/issues/378,-,S,1,R,RES-fd,RES,"RK,X1"
https://github.com/att/ast/issues/422|-|0,https://github.com/att/ast/issues/422,-,S,0,R,RES-fd,RES,RK
https://github.com/att/ast/issues/422|-|1,https://github.com/att/ast/issues/422,-,S,1,R,RES-fd,RES,"RK,L3"
https://github.com/att/ast/issues/422|-|2,https://github.com/att/ast/issues/422,-,S,2,R,RES-fd,RES,R3
https://github.com/att/ast/issues/422|504812052|0,https://github.com/att/ast/issues/422,504812052,S,0,O,RES-fd,RES,T1
https://github.com/ZahiMATA/42_Cube3d/issues/16|-|0,https://github.com/ZahiMATA/42_Cube3d/issues/16,-,S,0,R,RES-fd,RES,"RK,L1"
https://github.com/shinagawa-web/tinytap/issues/214|-|0,https://github.com/shinagawa-web/tinytap/issues/214,-,S,0,R,RES-fd,RES,"RK,L3"
https://github.com/shinagawa-web/tinytap/issues/214|5312865500|0,https://github.com/shinagawa-web/tinytap/issues/214,5312865500,S,0,R,RES-fd,RES,"RK,L3,R5"
https://github.com/shinagawa-web/tinytap/issues/214|5312883403|0,https://github.com/shinagawa-web/tinytap/issues/214,5312883403,S,0,R,RES-fd,RES,"RK,L3"
https://github.com/shinagawa-web/tinytap/issues/214|5312903717|0,https://github.com/shinagawa-web/tinytap/issues/214,5312903717,S,0,R,RES-fd,RES,L3
https://github.com/sonertari/SSLproxy/issues/43|-|0,https://github.com/sonertari/SSLproxy/issues/43,-,S,0,R,RES-fd,RES,"RK,L3"
https://github.com/sonertari/SSLproxy/issues/43|1141410548|0,https://github.com/sonertari/SSLproxy/issues/43,1141410548,S,0,M,RES-fd,RES,"RK,D1"
https://github.com/sonertari/SSLproxy/issues/43|1141410548|1,https://github.com/sonertari/SSLproxy/issues/43,1141410548,S,1,M,RES-fd,RES,"R5,RK"
https://github.com/optiqor/kerno/issues/150|4618348172|0,https://github.com/optiqor/kerno/issues/150,4618348172,S,0,O,RES-fd,NA,NA
https://github.com/optiqor/kerno/issues/150|4679008769|0,https://github.com/optiqor/kerno/issues/150,4679008769,S,0,O,RES-fd,NA,NA
https://github.com/optiqor/kerno/issues/150|4787306878|0,https://github.com/optiqor/kerno/issues/150,4787306878,S,0,O,RES-fd,NA,NA
https://github.com/optiqor/kerno/issues/150|4901686088|0,https://github.com/optiqor/kerno/issues/150,4901686088,S,0,O,RES-fd,NA,NA
https://github.com/optiqor/kerno/issues/150|5010325997|0,https://github.com/optiqor/kerno/issues/150,5010325997,S,0,O,RES-fd,NA,NA
https://github.com/optiqor/kerno/issues/150|5077476732|0,https://github.com/optiqor/kerno/issues/150,5077476732,S,0,O,RES-fd,NA,NA
https://github.com/optiqor/kerno/issues/150|5150413662|0,https://github.com/optiqor/kerno/issues/150,5150413662,S,0,O,RES-fd,NA,NA
https://github.com/optiqor/kerno/issues/150|5230017149|0,https://github.com/optiqor/kerno/issues/150,5230017149,S,0,O,RES-fd,NA,NA
https://github.com/optiqor/kerno/issues/150|5312265101|0,https://github.com/optiqor/kerno/issues/150,5312265101,S,0,O,RES-fd,NA,NA
https://github.com/optiqor/kerno/issues/150|5391175284|0,https://github.com/optiqor/kerno/issues/150,5391175284,S,0,O,RES-fd,NA,NA
https://github.com/prelz/BLAH/issues/16|-|0,https://github.com/prelz/BLAH/issues/16,-,S,0,R,RES-fd,RES,"RK,L3"
https://github.com/sassanp/pynetinfo/issues/1|-|0,https://github.com/sassanp/pynetinfo/issues/1,-,S,0,R,RES-socket,RES,"RK,L3"
https://github.com/sassanp/pynetinfo/issues/1|3975175|0,https://github.com/sassanp/pynetinfo/issues/1,3975175,S,0,R,RES-socket,RES,"RK,L3"
https://github.com/sassanp/pynetinfo/issues/1|4546299|0,https://github.com/sassanp/pynetinfo/issues/1,4546299,S,0,R,RES-socket,RES,"RK,D1"
https://github.com/westes/flex/issues/705|-|0,https://github.com/westes/flex/issues/705,-,S,0,R,RES-socket,RES,"RK,N3"
https://github.com/eclipse-paho/paho.mqtt.c/issues/1705|-|0,https://github.com/eclipse-paho/paho.mqtt.c/issues/1705,-,S,0,R,RES-socket,RES,RK
https://github.com/eclipse-paho/paho.mqtt.c/issues/1705|-|1,https://github.com/eclipse-paho/paho.mqtt.c/issues/1705,-,S,1,R,RES-socket,RES,"RK,N3"
https://github.com/eclipse-paho/paho.mqtt.c/issues/1705|-|2,https://github.com/eclipse-paho/paho.mqtt.c/issues/1705,-,S,2,R,RES-socket,RES,"RK,E1,L3"
https://github.com/eclipse-paho/paho.mqtt.c/issues/1705|-|3,https://github.com/eclipse-paho/paho.mqtt.c/issues/1705,-,S,3,R,RES-socket,RES,"RK,L3"
https://github.com/eclipse-paho/paho.mqtt.c/issues/1705|5928447469|0,https://github.com/eclipse-paho/paho.mqtt.c/issues/1705,5928447469,S,0,O,RES-socket,RES,L3
https://github.com/tedjp/ish/issues/1|-|0,https://github.com/tedjp/ish/issues/1,-,S,0,R,RES-socket,RES,"RK,D1"
https://github.com/tedjp/ish/issues/1|-|1,https://github.com/tedjp/ish/issues/1,-,S,1,R,RES-socket,RES,"RK,L3"
https://github.com/h2o/h2o/issues/1525|-|0,https://github.com/h2o/h2o/issues/1525,-,S,0,R,RES-socket,RES,"RK,C1"
https://github.com/h2o/h2o/issues/1525|-|1,https://github.com/h2o/h2o/issues/1525,-,S,1,R,RES-socket,RES,NA
https://github.com/h2o/h2o/issues/1525|-|2,https://github.com/h2o/h2o/issues/1525,-,S,2,R,RES-socket,RES,NA
https://github.com/h2o/h2o/issues/1525|-|3,https://github.com/h2o/h2o/issues/1525,-,S,3,R,RES-socket,RES,"RK,C1"
https://github.com/h2o/h2o/issues/1525|350138309|0,https://github.com/h2o/h2o/issues/1525,350138309,S,0,M,RES-socket,RES,NA
https://github.com/h2o/h2o/issues/1525|350138309|1,https://github.com/h2o/h2o/issues/1525,350138309,S,1,M,RES-socket,RES,"RK,C1"
https://github.com/h2o/h2o/issues/1525|350138309|2,https://github.com/h2o/h2o/issues/1525,350138309,Q,2,M,RES-socket,RES,C1
https://github.com/h2o/h2o/issues/1525|350151781|0,https://github.com/h2o/h2o/issues/1525,350151781,S,0,R,RES-socket,RES,NA
https://github.com/h2o/h2o/issues/1525|350151781|1,https://github.com/h2o/h2o/issues/1525,350151781,Q,1,R,RES-socket,RES,"RK,C1"
https://github.com/h2o/h2o/issues/1525|350151781|2,https://github.com/h2o/h2o/issues/1525,350151781,S,2,R,RES-socket,RES,C1
https://github.com/signalwire/freeswitch/issues/1392|-|0,https://github.com/signalwire/freeswitch/issues/1392,-,S,0,R,RES-socket,RES,"RK,L3"
https://github.com/signalwire/freeswitch/issues/1392|-|1,https://github.com/signalwire/freeswitch/issues/1392,-,S,1,R,RES-socket,RES,T1
https://github.com/davitkalantaryan/xdr_rpc/issues/4|-|0,https://github.com/davitkalantaryan/xdr_rpc/issues/4,-,S,0,R,RES-socket,RES,R4
https://github.com/karlheyes/icecast-kh/issues/444|-|0,https://github.com/karlheyes/icecast-kh/issues/444,-,S,0,R,RES-socket,RES,NA
https://github.com/karlheyes/icecast-kh/issues/444|-|1,https://github.com/karlheyes/icecast-kh/issues/444,-,S,1,R,RES-socket,RES,"RK,R6"
https://github.com/bvisness/flowshell/issues/3|-|0,https://github.com/bvisness/flowshell/issues/3,-,S,0,R,RES-handle,RES,"RK,D1"
https://github.com/bvisness/flowshell/issues/3|-|1,https://github.com/bvisness/flowshell/issues/3,-,S,1,R,RES-handle,RES,"RK,D1"
https://github.com/bvisness/flowshell/issues/3|-|2,https://github.com/bvisness/flowshell/issues/3,-,S,2,R,RES-handle,RES,"RK,L3"
https://github.com/bvisness/flowshell/issues/3|-|3,https://github.com/bvisness/flowshell/issues/3,-,S,3,R,RES-handle,RES,"RK,O1"
https://github.com/bvisness/flowshell/issues/2|-|0,https://github.com/bvisness/flowshell/issues/2,-,S,0,R,RES-handle,RES,"RK,D1"
https://github.com/bvisness/flowshell/issues/2|-|1,https://github.com/bvisness/flowshell/issues/2,-,S,1,R,RES-handle,RES,"RK,D1"
https://github.com/bvisness/flowshell/issues/2|-|2,https://github.com/bvisness/flowshell/issues/2,-,S,2,R,RES-handle,RES,"RK,D1"
https://github.com/bvisness/flowshell/issues/2|-|3,https://github.com/bvisness/flowshell/issues/2,-,S,3,R,RES-handle,RES,"RK,L3"
https://github.com/hardcoreerik/esp-rtl-sdr/issues/35|-|0,https://github.com/hardcoreerik/esp-rtl-sdr/issues/35,-,S,0,R,RES-handle,RES,"RK,C1"
https://github.com/hardcoreerik/esp-rtl-sdr/issues/35|-|1,https://github.com/hardcoreerik/esp-rtl-sdr/issues/35,-,S,1,R,RES-handle,RES,"RK,C1"
https://github.com/hardcoreerik/esp-rtl-sdr/issues/35|-|2,https://github.com/hardcoreerik/esp-rtl-sdr/issues/35,-,S,2,R,RES-handle,RES,NA
https://github.com/DOCGroup/bugzilla/issues/1430|-|0,https://github.com/DOCGroup/bugzilla/issues/1430,-,S,0,R,RES-handle,RES,"RK,L3"
https://github.com/DOCGroup/bugzilla/issues/1430|-|1,https://github.com/DOCGroup/bugzilla/issues/1430,-,S,1,R,RES-handle,RES,"RK,L3"
https://github.com/DOCGroup/bugzilla/issues/1430|4145825387|0,https://github.com/DOCGroup/bugzilla/issues/1430,4145825387,S,0,R,RES-handle,RES,NA
https://github.com/DOCGroup/bugzilla/issues/1430|4145825936|0,https://github.com/DOCGroup/bugzilla/issues/1430,4145825936,S,0,R,RES-handle,RES,NA
https://github.com/FreeRTOS/FreeRTOS-Kernel/issues/1447|-|0,https://github.com/FreeRTOS/FreeRTOS-Kernel/issues/1447,-,S,0,R,RES-thread,THR,"C1,L4,O2"
https://github.com/FreeRTOS/FreeRTOS-Kernel/issues/1447|-|1,https://github.com/FreeRTOS/FreeRTOS-Kernel/issues/1447,-,S,1,R,RES-thread,THR,"O2,L4"
https://github.com/FreeRTOS/FreeRTOS-Kernel/issues/1447|-|2,https://github.com/FreeRTOS/FreeRTOS-Kernel/issues/1447,-,S,2,R,RES-thread,THR,"C1,L4"
https://github.com/FreeRTOS/FreeRTOS-Kernel/issues/1447|-|3,https://github.com/FreeRTOS/FreeRTOS-Kernel/issues/1447,-,S,3,R,RES-thread,THR,V1
https://github.com/FreeRTOS/FreeRTOS-Kernel/issues/1447|4917314848|0,https://github.com/FreeRTOS/FreeRTOS-Kernel/issues/1447,4917314848,S,0,M,RES-thread,THR,V1
https://github.com/zephyrproject-rtos/zephyr/issues/119905|-|0,https://github.com/zephyrproject-rtos/zephyr/issues/119905,-,S,0,R,RES-thread,THR,"E1,L4"
https://github.com/eclipse-threadx/threadx/issues/757|-|0,https://github.com/eclipse-threadx/threadx/issues/757,-,S,0,R,RES-thread,THR,"RK,L4"
https://github.com/eclipse-threadx/threadx/issues/757|-|1,https://github.com/eclipse-threadx/threadx/issues/757,-,S,1,R,RES-thread,THR,"RK,L4"
https://github.com/eclipse-threadx/threadx/issues/757|-|2,https://github.com/eclipse-threadx/threadx/issues/757,-,S,2,R,RES-thread,THR,"RK,L4"
https://github.com/eclipse-threadx/threadx/issues/757|-|3,https://github.com/eclipse-threadx/threadx/issues/757,-,S,3,R,RES-thread,THR,"RK,L4"
https://github.com/icl-utk-edu/papi/issues/651|-|0,https://github.com/icl-utk-edu/papi/issues/651,-,S,0,R,RES-thread,THR,"L4,R3"
https://github.com/icl-utk-edu/papi/issues/651|-|1,https://github.com/icl-utk-edu/papi/issues/651,-,S,1,R,RES-thread,THR,"L4,R3"
https://github.com/icl-utk-edu/papi/issues/651|-|2,https://github.com/icl-utk-edu/papi/issues/651,-,S,2,R,RES-thread,THR,R3
https://github.com/icl-utk-edu/papi/issues/651|5527795639|0,https://github.com/icl-utk-edu/papi/issues/651,5527795639,S,0,O,RES-thread,THR,NA
https://github.com/parrot/parrot/issues/915|-|0,https://github.com/parrot/parrot/issues/915,-,S,0,R,RES-thread,THR,L4
https://github.com/parrot/parrot/issues/915|-|1,https://github.com/parrot/parrot/issues/915,-,S,1,R,RES-thread,THR,"L4,R3"
https://github.com/parrot/parrot/issues/915|11918275|0,https://github.com/parrot/parrot/issues/915,11918275,Q,0,M,RES-thread,THR,L4
https://github.com/parrot/parrot/issues/915|11921882|0,https://github.com/parrot/parrot/issues/915,11921882,S,0,R,RES-thread,THR,L4
https://github.com/parrot/parrot/issues/915|11921882|1,https://github.com/parrot/parrot/issues/915,11921882,S,1,R,RES-thread,NA,NA
https://github.com/parrot/parrot/issues/915|11921882|2,https://github.com/parrot/parrot/issues/915,11921882,S,2,R,RES-thread,THR,L4
https://github.com/parrot/parrot/issues/915|11921882|3,https://github.com/parrot/parrot/issues/915,11921882,S,3,R,RES-thread,THR,"L4,L1"
https://github.com/eclipse-threadx/threadx/issues/752|-|0,https://github.com/eclipse-threadx/threadx/issues/752,-,S,0,R,RES-thread,THR,NA
https://github.com/eclipse-threadx/threadx/issues/752|-|1,https://github.com/eclipse-threadx/threadx/issues/752,-,S,1,R,RES-thread,THR,NA
https://github.com/eclipse-threadx/threadx/issues/752|-|2,https://github.com/eclipse-threadx/threadx/issues/752,-,S,2,R,RES-thread,THR,NA
https://github.com/eclipse-threadx/threadx/issues/752|5733311046|0,https://github.com/eclipse-threadx/threadx/issues/752,5733311046,S,0,R,RES-thread,THR,"RK,L4"
https://github.com/eclipse-threadx/threadx/issues/752|5733311046|1,https://github.com/eclipse-threadx/threadx/issues/752,5733311046,S,1,R,RES-thread,THR,"RK,L4"
https://github.com/ElliottSobek/Password-List-Generator/issues/21|-|0,https://github.com/ElliottSobek/Password-List-Generator/issues/21,-,S,0,R,RES-thread,THR,"L4,C1"
https://github.com/cloudflare/workerd/issues/5665|-|0,https://github.com/cloudflare/workerd/issues/5665,-,S,0,R,GROWTH,GRW,T1
https://github.com/cloudflare/workerd/issues/5665|-|1,https://github.com/cloudflare/workerd/issues/5665,-,S,1,R,GROWTH,GRW,"V1,R3"
https://github.com/cloudflare/workerd/issues/5665|3639436283|0,https://github.com/cloudflare/workerd/issues/5665,3639436283,S,0,M,GROWTH,GRW,V1
https://github.com/cloudflare/workerd/issues/5665|3639436283|1,https://github.com/cloudflare/workerd/issues/5665,3639436283,S,1,M,GROWTH,GRW,V1
https://github.com/cloudflare/workerd/issues/5665|3639436283|2,https://github.com/cloudflare/workerd/issues/5665,3639436283,S,2,M,GROWTH,GRW,R5
https://github.com/cloudflare/workerd/issues/5665|3639436283|3,https://github.com/cloudflare/workerd/issues/5665,3639436283,S,3,M,GROWTH,GRW,R6
https://github.com/cloudflare/workerd/issues/5665|3641138031|0,https://github.com/cloudflare/workerd/issues/5665,3641138031,S,0,O,GROWTH,GRW,R6
https://github.com/cloudflare/workerd/issues/5665|3641138031|1,https://github.com/cloudflare/workerd/issues/5665,3641138031,Q,1,O,GROWTH,GRW,R6
https://github.com/cloudflare/workerd/issues/5665|3644712904|0,https://github.com/cloudflare/workerd/issues/5665,3644712904,Q,0,R,GROWTH,GRW,R5
https://github.com/cloudflare/workerd/issues/5665|3656873483|0,https://github.com/cloudflare/workerd/issues/5665,3656873483,S,0,M,GROWTH,GRW,"V1,R6"
https://github.com/cloudflare/workerd/issues/5665|3656873483|1,https://github.com/cloudflare/workerd/issues/5665,3656873483,S,1,M,GROWTH,GRW,"V1,R6"
https://github.com/cloudflare/workerd/issues/5665|3657252324|0,https://github.com/cloudflare/workerd/issues/5665,3657252324,S,0,R,GROWTH,GRW,"R3,R6"
https://github.com/cloudflare/workerd/issues/5665|3657252324|1,https://github.com/cloudflare/workerd/issues/5665,3657252324,S,1,R,GROWTH,GRW,R6
https://github.com/cloudflare/workerd/issues/5665|3657252324|2,https://github.com/cloudflare/workerd/issues/5665,3657252324,Q,2,R,GROWTH,GRW,NA
https://github.com/sddm/sddm/issues/1158|-|0,https://github.com/sddm/sddm/issues/1158,-,S,0,R,GROWTH,GRW,NA
https://github.com/sddm/sddm/issues/1158|-|1,https://github.com/sddm/sddm/issues/1158,-,S,1,R,GROWTH,GRW,L3
https://github.com/sddm/sddm/issues/1158|484886850|0,https://github.com/sddm/sddm/issues/1158,484886850,S,0,M,GROWTH,GRW,R3
https://github.com/sddm/sddm/issues/1158|484889228|0,https://github.com/sddm/sddm/issues/1158,484889228,S,0,R,GROWTH,GRW,NA
https://github.com/mapcrafter/mapcrafter/issues/257|-|0,https://github.com/mapcrafter/mapcrafter/issues/257,-,Q,0,R,GROWTH,GRW,"L3,A4"
https://github.com/mapcrafter/mapcrafter/issues/257|312910978|0,https://github.com/mapcrafter/mapcrafter/issues/257,312910978,Q,0,M,GROWTH,GRW,T1
https://github.com/mapcrafter/mapcrafter/issues/257|312910978|1,https://github.com/mapcrafter/mapcrafter/issues/257,312910978,Q,1,M,GROWTH,GRW,R6
https://github.com/mapcrafter/mapcrafter/issues/257|313882535|0,https://github.com/mapcrafter/mapcrafter/issues/257,313882535,S,0,O,GROWTH,GRW,V1
https://github.com/mapcrafter/mapcrafter/issues/257|313882535|1,https://github.com/mapcrafter/mapcrafter/issues/257,313882535,S,1,O,GROWTH,GRW,V1
https://github.com/mapcrafter/mapcrafter/issues/257|955762012|0,https://github.com/mapcrafter/mapcrafter/issues/257,955762012,S,0,O,GROWTH,GRW,L3
https://github.com/mapcrafter/mapcrafter/issues/257|955762864|0,https://github.com/mapcrafter/mapcrafter/issues/257,955762864,S,0,O,GROWTH,GRW,"L3,A4"
https://github.com/cms-sw/cmssw/issues/51449|-|0,https://github.com/cms-sw/cmssw/issues/51449,-,S,0,R,GROWTH,GRW,L3
https://github.com/cms-sw/cmssw/issues/51449|-|1,https://github.com/cms-sw/cmssw/issues/51449,-,S,1,R,GROWTH,GRW,NA
https://github.com/cms-sw/cmssw/issues/51449|-|2,https://github.com/cms-sw/cmssw/issues/51449,-,S,2,R,GROWTH,GRW,L3
https://github.com/cms-sw/cmssw/issues/51449|-|3,https://github.com/cms-sw/cmssw/issues/51449,-,S,3,R,GROWTH,GRW,L3
https://github.com/cms-sw/cmssw/issues/51449|4915260465|0,https://github.com/cms-sw/cmssw/issues/51449,4915260465,S,0,O,GROWTH,GRW,"R4,R5"
https://github.com/cms-sw/cmssw/issues/51449|4969981083|0,https://github.com/cms-sw/cmssw/issues/51449,4969981083,Q,0,O,GROWTH,GRW,T1
https://github.com/amule-project/amule/issues/314|-|0,https://github.com/amule-project/amule/issues/314,-,S,0,R,GROWTH,GRW,V1
https://github.com/amule-project/amule/issues/314|-|1,https://github.com/amule-project/amule/issues/314,-,S,1,R,GROWTH,GRW,L3
https://github.com/amule-project/amule/issues/314|-|2,https://github.com/amule-project/amule/issues/314,-,S,2,R,GROWTH,GRW,L3
https://github.com/amule-project/amule/issues/314|1109805997|0,https://github.com/amule-project/amule/issues/314,1109805997,S,0,O,GROWTH,GRW,NA
https://github.com/amule-project/amule/issues/314|4409125325|0,https://github.com/amule-project/amule/issues/314,4409125325,S,0,O,GROWTH,GRW,T1
https://github.com/ggml-org/llama.cpp/issues/23635|-|0,https://github.com/ggml-org/llama.cpp/issues/23635,-,S,0,R,GROWTH,GRW,L3
https://github.com/ggml-org/llama.cpp/issues/23635|-|1,https://github.com/ggml-org/llama.cpp/issues/23635,-,S,1,R,GROWTH,GRW,L3
https://github.com/ggml-org/llama.cpp/issues/23635|-|2,https://github.com/ggml-org/llama.cpp/issues/23635,-,S,2,R,GROWTH,GRW,L3
https://github.com/ggml-org/llama.cpp/issues/23635|4531070583|0,https://github.com/ggml-org/llama.cpp/issues/23635,4531070583,S,0,O,GROWTH,GRW,"R6,V1"
https://github.com/ggml-org/llama.cpp/issues/23635|4531070583|1,https://github.com/ggml-org/llama.cpp/issues/23635,4531070583,S,1,O,GROWTH,GRW,V1
https://github.com/ggml-org/llama.cpp/issues/23635|4531107727|0,https://github.com/ggml-org/llama.cpp/issues/23635,4531107727,Q,0,R,GROWTH,GRW,R6
https://github.com/ggml-org/llama.cpp/issues/23635|4531710680|0,https://github.com/ggml-org/llama.cpp/issues/23635,4531710680,S,0,O,GROWTH,GRW,V1
https://github.com/ggml-org/llama.cpp/issues/23635|4531801470|0,https://github.com/ggml-org/llama.cpp/issues/23635,4531801470,Q,0,R,GROWTH,GRW,R6
https://github.com/ggml-org/llama.cpp/issues/23635|4536080532|0,https://github.com/ggml-org/llama.cpp/issues/23635,4536080532,Q,0,R,GROWTH,GRW,NA
https://github.com/ggml-org/llama.cpp/issues/23635|4581532474|0,https://github.com/ggml-org/llama.cpp/issues/23635,4581532474,S,0,O,GROWTH,GRW,NA
https://github.com/ggml-org/llama.cpp/issues/23635|4589168224|0,https://github.com/ggml-org/llama.cpp/issues/23635,4589168224,S,0,O,GROWTH,GRW,L3
https://github.com/microsoft/onnxruntime/issues/28231|-|0,https://github.com/microsoft/onnxruntime/issues/28231,-,S,0,R,GROWTH,GRW,L3
https://github.com/microsoft/onnxruntime/issues/28231|-|1,https://github.com/microsoft/onnxruntime/issues/28231,-,S,1,R,GROWTH,GRW,T1
https://github.com/microsoft/onnxruntime/issues/28231|-|2,https://github.com/microsoft/onnxruntime/issues/28231,-,S,2,R,GROWTH,GRW,L3
https://github.com/microsoft/onnxruntime/issues/28231|-|3,https://github.com/microsoft/onnxruntime/issues/28231,-,S,3,R,GROWTH,GRW,R4
https://github.com/microsoft/onnxruntime/issues/28231|4347942731|0,https://github.com/microsoft/onnxruntime/issues/28231,4347942731,S,0,M,GROWTH,GRW,T1
https://github.com/microsoft/onnxruntime/issues/28231|4356497756|0,https://github.com/microsoft/onnxruntime/issues/28231,4356497756,S,0,O,GROWTH,GRW,L3
https://github.com/microsoft/onnxruntime/issues/28231|4387636320|0,https://github.com/microsoft/onnxruntime/issues/28231,4387636320,S,0,R,GROWTH,GRW,L3
https://github.com/microsoft/onnxruntime/issues/28231|4387636320|1,https://github.com/microsoft/onnxruntime/issues/28231,4387636320,S,1,R,GROWTH,GRW,R6
https://github.com/microsoft/onnxruntime/issues/28231|4387636320|2,https://github.com/microsoft/onnxruntime/issues/28231,4387636320,S,2,R,GROWTH,GRW,R6
https://github.com/microsoft/onnxruntime/issues/28231|4387636320|3,https://github.com/microsoft/onnxruntime/issues/28231,4387636320,S,3,R,GROWTH,GRW,R6
https://github.com/microsoft/onnxruntime/issues/28231|4395604001|0,https://github.com/microsoft/onnxruntime/issues/28231,4395604001,S,0,O,GROWTH,GRW,T1
https://github.com/microsoft/onnxruntime/issues/28231|4395604001|1,https://github.com/microsoft/onnxruntime/issues/28231,4395604001,S,1,O,GROWTH,GRW,NA
https://github.com/qbittorrent/qBittorrent/issues/16442|-|0,https://github.com/qbittorrent/qBittorrent/issues/16442,-,S,0,R,GROWTH,GRW,L3
https://github.com/qbittorrent/qBittorrent/issues/16442|1038608132|0,https://github.com/qbittorrent/qBittorrent/issues/16442,1038608132,S,0,M,GROWTH,GRW,"V1,R6"
https://github.com/qbittorrent/qBittorrent/issues/16442|1038608132|1,https://github.com/qbittorrent/qBittorrent/issues/16442,1038608132,S,1,M,GROWTH,GRW,V1
https://github.com/qbittorrent/qBittorrent/issues/16442|1038849172|0,https://github.com/qbittorrent/qBittorrent/issues/16442,1038849172,S,0,O,GROWTH,GRW,R6
https://github.com/qbittorrent/qBittorrent/issues/16442|1038894663|0,https://github.com/qbittorrent/qBittorrent/issues/16442,1038894663,S,0,M,GROWTH,GRW,R6
https://github.com/qbittorrent/qBittorrent/issues/16442|1038894663|1,https://github.com/qbittorrent/qBittorrent/issues/16442,1038894663,Q,1,M,GROWTH,GRW,R6
https://github.com/qbittorrent/qBittorrent/issues/16442|1038925098|0,https://github.com/qbittorrent/qBittorrent/issues/16442,1038925098,Q,0,O,GROWTH,GRW,V1
https://github.com/qbittorrent/qBittorrent/issues/16442|1038966809|0,https://github.com/qbittorrent/qBittorrent/issues/16442,1038966809,S,0,M,GROWTH,GRW,V1
https://github.com/qbittorrent/qBittorrent/issues/16442|1039083092|0,https://github.com/qbittorrent/qBittorrent/issues/16442,1039083092,Q,0,O,GROWTH,GRW,V1
https://github.com/kvcache-ai/Mooncake/issues/834|-|0,https://github.com/kvcache-ai/Mooncake/issues/834,-,S,0,R,GROWTH,GRW,L3
https://github.com/kvcache-ai/Mooncake/issues/834|3290618367|0,https://github.com/kvcache-ai/Mooncake/issues/834,3290618367,S,0,M,GROWTH,GRW,V1
https://github.com/kvcache-ai/Mooncake/issues/834|3290618367|1,https://github.com/kvcache-ai/Mooncake/issues/834,3290618367,S,1,M,GROWTH,GRW,R6
https://github.com/facebook/rocksdb/issues/4112|-|0,https://github.com/facebook/rocksdb/issues/4112,-,S,0,R,GROWTH,GRW,L3
https://github.com/facebook/rocksdb/issues/4112|-|1,https://github.com/facebook/rocksdb/issues/4112,-,S,1,R,GROWTH,GRW,L3
https://github.com/facebook/rocksdb/issues/4112|404339714|0,https://github.com/facebook/rocksdb/issues/4112,404339714,Q,0,O,GROWTH,GRW,R4
https://github.com/facebook/rocksdb/issues/4112|404911498|0,https://github.com/facebook/rocksdb/issues/4112,404911498,S,0,R,GROWTH,GRW,"L3,R6"
https://github.com/facebook/rocksdb/issues/4112|404911498|1,https://github.com/facebook/rocksdb/issues/4112,404911498,S,1,R,GROWTH,GRW,L3
https://github.com/facebook/rocksdb/issues/4112|405277144|0,https://github.com/facebook/rocksdb/issues/4112,405277144,S,0,O,GROWTH,GRW,L3
https://github.com/facebook/rocksdb/issues/4112|405277144|1,https://github.com/facebook/rocksdb/issues/4112,405277144,S,1,O,GROWTH,GRW,R4
https://github.com/facebook/rocksdb/issues/4112|405292663|0,https://github.com/facebook/rocksdb/issues/4112,405292663,S,0,R,GROWTH,GRW,L3
https://github.com/facebook/rocksdb/issues/4112|405838249|0,https://github.com/facebook/rocksdb/issues/4112,405838249,S,0,O,GROWTH,GRW,L3
https://github.com/facebook/rocksdb/issues/4112|405838249|1,https://github.com/facebook/rocksdb/issues/4112,405838249,S,1,O,GROWTH,GRW,L3
https://github.com/facebook/rocksdb/issues/4112|405838249|2,https://github.com/facebook/rocksdb/issues/4112,405838249,S,2,O,GROWTH,GRW,L3
https://github.com/facebook/rocksdb/issues/4112|405852117|0,https://github.com/facebook/rocksdb/issues/4112,405852117,Q,0,O,GROWTH,GRW,V1
https://github.com/facebook/rocksdb/issues/4112|405859006|0,https://github.com/facebook/rocksdb/issues/4112,405859006,S,0,O,GROWTH,GRW,V1
https://github.com/slaclab/virtual-accelerator-digital-twin/issues/8|-|0,https://github.com/slaclab/virtual-accelerator-digital-twin/issues/8,-,S,0,R,GROWTH,GRW,L3
https://github.com/slaclab/virtual-accelerator-digital-twin/issues/8|-|1,https://github.com/slaclab/virtual-accelerator-digital-twin/issues/8,-,S,1,R,GROWTH,GRW,L3
https://github.com/slaclab/virtual-accelerator-digital-twin/issues/8|-|2,https://github.com/slaclab/virtual-accelerator-digital-twin/issues/8,-,S,2,R,GROWTH,GRW,R4
https://github.com/slaclab/virtual-accelerator-digital-twin/issues/8|-|3,https://github.com/slaclab/virtual-accelerator-digital-twin/issues/8,-,S,3,R,GROWTH,GRW,R6
https://github.com/slaclab/virtual-accelerator-digital-twin/issues/8|-|4,https://github.com/slaclab/virtual-accelerator-digital-twin/issues/8,-,Q,4,R,GROWTH,GRW,R6
https://github.com/sonic-net/sonic-buildimage/issues/28245|-|0,https://github.com/sonic-net/sonic-buildimage/issues/28245,-,S,0,R,GROWTH,GRW,"R6,V1"
https://github.com/sonic-net/sonic-buildimage/issues/28245|-|1,https://github.com/sonic-net/sonic-buildimage/issues/28245,-,S,1,R,GROWTH,GRW,L3
https://github.com/sonic-net/sonic-buildimage/issues/28245|5055216359|0,https://github.com/sonic-net/sonic-buildimage/issues/28245,5055216359,S,0,O,GROWTH,GRW,R6
https://github.com/sonic-net/sonic-buildimage/issues/28245|5210256561|0,https://github.com/sonic-net/sonic-buildimage/issues/28245,5210256561,S,0,O,GROWTH,GRW,R6
https://github.com/sonic-net/sonic-buildimage/issues/28245|5210256561|1,https://github.com/sonic-net/sonic-buildimage/issues/28245,5210256561,S,1,O,GROWTH,GRW,NA
https://github.com/sonic-net/sonic-buildimage/issues/28245|5210256561|2,https://github.com/sonic-net/sonic-buildimage/issues/28245,5210256561,S,2,O,GROWTH,GRW,NA
https://github.com/sonic-net/sonic-buildimage/issues/28245|5210256561|3,https://github.com/sonic-net/sonic-buildimage/issues/28245,5210256561,S,3,O,GROWTH,GRW,NA
https://github.com/sonic-net/sonic-buildimage/issues/28245|5211987151|0,https://github.com/sonic-net/sonic-buildimage/issues/28245,5211987151,Q,0,R,GROWTH,GRW,R6
https://github.com/sonic-net/sonic-buildimage/issues/28245|5352712074|0,https://github.com/sonic-net/sonic-buildimage/issues/28245,5352712074,S,0,O,GROWTH,GRW,NA
https://github.com/sonic-net/sonic-buildimage/issues/28245|5352712074|1,https://github.com/sonic-net/sonic-buildimage/issues/28245,5352712074,S,1,O,GROWTH,GRW,NA
https://github.com/sonic-net/sonic-buildimage/issues/28245|5352712074|2,https://github.com/sonic-net/sonic-buildimage/issues/28245,5352712074,S,2,O,GROWTH,GRW,NA
https://github.com/sonic-net/sonic-buildimage/issues/28245|5352712074|3,https://github.com/sonic-net/sonic-buildimage/issues/28245,5352712074,S,3,O,GROWTH,GRW,R6
https://github.com/Qbit-Org/qbit-mining-bootstrap/issues/600|-|0,https://github.com/Qbit-Org/qbit-mining-bootstrap/issues/600,-,S,0,R,GROWTH,GRW,"R6,L3"
https://github.com/Qbit-Org/qbit-mining-bootstrap/issues/600|-|1,https://github.com/Qbit-Org/qbit-mining-bootstrap/issues/600,-,Q,1,R,GROWTH,GRW,R6
https://github.com/Qbit-Org/qbit-mining-bootstrap/issues/600|-|2,https://github.com/Qbit-Org/qbit-mining-bootstrap/issues/600,-,S,2,R,GROWTH,GRW,NA
https://github.com/Qbit-Org/qbit-mining-bootstrap/issues/600|-|3,https://github.com/Qbit-Org/qbit-mining-bootstrap/issues/600,-,S,3,R,GROWTH,GRW,NA
https://github.com/Qbit-Org/qbit-mining-bootstrap/issues/600|-|4,https://github.com/Qbit-Org/qbit-mining-bootstrap/issues/600,-,S,4,R,GROWTH,GRW,NA
https://github.com/Qbit-Org/qbit-mining-bootstrap/issues/600|5917355463|0,https://github.com/Qbit-Org/qbit-mining-bootstrap/issues/600,5917355463,S,0,R,GROWTH,GRW,R6
https://github.com/Qbit-Org/qbit-mining-bootstrap/issues/600|5917355463|1,https://github.com/Qbit-Org/qbit-mining-bootstrap/issues/600,5917355463,S,1,R,GROWTH,GRW,R6
https://github.com/Qbit-Org/qbit-mining-bootstrap/issues/600|5917355463|2,https://github.com/Qbit-Org/qbit-mining-bootstrap/issues/600,5917355463,S,2,R,GROWTH,GRW,R6
https://github.com/Qbit-Org/qbit-mining-bootstrap/issues/600|5917355463|3,https://github.com/Qbit-Org/qbit-mining-bootstrap/issues/600,5917355463,S,3,R,GROWTH,GRW,R6
https://github.com/lgse/strata/issues/841|-|0,https://github.com/lgse/strata/issues/841,-,S,0,R,GROWTH,GRW,NA
https://github.com/lgse/strata/issues/841|-|1,https://github.com/lgse/strata/issues/841,-,S,1,R,GROWTH,GRW,R6
https://github.com/lgse/strata/issues/841|-|2,https://github.com/lgse/strata/issues/841,-,S,2,R,GROWTH,GRW,D1
https://github.com/lgse/strata/issues/841|-|3,https://github.com/lgse/strata/issues/841,-,S,3,R,GROWTH,GRW,R6
https://github.com/lgse/strata/issues/841|5641965506|0,https://github.com/lgse/strata/issues/841,5641965506,S,0,R,GROWTH,GRW,R5
https://github.com/lgse/strata/issues/841|5641965506|1,https://github.com/lgse/strata/issues/841,5641965506,S,1,R,GROWTH,GRW,R6
https://github.com/lgse/strata/issues/841|5641965506|2,https://github.com/lgse/strata/issues/841,5641965506,S,2,R,GROWTH,GRW,R6
https://github.com/lgse/strata/issues/841|5641965506|3,https://github.com/lgse/strata/issues/841,5641965506,S,3,R,GROWTH,GRW,R6
https://github.com/lgse/strata/issues/841|5642131666|0,https://github.com/lgse/strata/issues/841,5642131666,S,0,R,GROWTH,GRW,"R6,V1"
https://github.com/lgse/strata/issues/841|5642131666|1,https://github.com/lgse/strata/issues/841,5642131666,S,1,R,GROWTH,GRW,R6
https://github.com/lgse/strata/issues/841|5642131666|2,https://github.com/lgse/strata/issues/841,5642131666,S,2,R,GROWTH,GRW,R6
https://github.com/lgse/strata/issues/841|5642131666|3,https://github.com/lgse/strata/issues/841,5642131666,S,3,R,GROWTH,GRW,R6
https://github.com/VoxLogicA-Project/VoxLogicA-2/issues/56|-|0,https://github.com/VoxLogicA-Project/VoxLogicA-2/issues/56,-,S,0,R,GROWTH,GRW,R6
https://github.com/VoxLogicA-Project/VoxLogicA-2/issues/56|-|1,https://github.com/VoxLogicA-Project/VoxLogicA-2/issues/56,-,S,1,R,GROWTH,GRW,R6
https://github.com/VoxLogicA-Project/VoxLogicA-2/issues/56|-|2,https://github.com/VoxLogicA-Project/VoxLogicA-2/issues/56,-,S,2,R,GROWTH,GRW,R6
https://github.com/VoxLogicA-Project/VoxLogicA-2/issues/56|-|3,https://github.com/VoxLogicA-Project/VoxLogicA-2/issues/56,-,S,3,R,GROWTH,GRW,R6
https://github.com/VoxLogicA-Project/VoxLogicA-2/issues/56|5560045468|0,https://github.com/VoxLogicA-Project/VoxLogicA-2/issues/56,5560045468,S,0,R,GROWTH,GRW,R6
https://github.com/VoxLogicA-Project/VoxLogicA-2/issues/56|5560045468|1,https://github.com/VoxLogicA-Project/VoxLogicA-2/issues/56,5560045468,S,1,R,GROWTH,GRW,R6
https://github.com/VoxLogicA-Project/VoxLogicA-2/issues/56|5560045468|2,https://github.com/VoxLogicA-Project/VoxLogicA-2/issues/56,5560045468,S,2,R,GROWTH,GRW,R6
https://github.com/VoxLogicA-Project/VoxLogicA-2/issues/56|5560045468|3,https://github.com/VoxLogicA-Project/VoxLogicA-2/issues/56,5560045468,S,3,R,GROWTH,GRW,R6
https://github.com/VoxLogicA-Project/VoxLogicA-2/issues/56|5560060045|0,https://github.com/VoxLogicA-Project/VoxLogicA-2/issues/56,5560060045,S,0,R,GROWTH,GRW,R6
https://github.com/VoxLogicA-Project/VoxLogicA-2/issues/56|5560060045|1,https://github.com/VoxLogicA-Project/VoxLogicA-2/issues/56,5560060045,S,1,R,GROWTH,GRW,R6
https://github.com/VoxLogicA-Project/VoxLogicA-2/issues/56|5560060045|2,https://github.com/VoxLogicA-Project/VoxLogicA-2/issues/56,5560060045,S,2,R,GROWTH,GRW,R6
https://github.com/librosa/librosa/issues/2076|-|0,https://github.com/librosa/librosa/issues/2076,-,S,0,R,GROWTH,GRW,L3
https://github.com/librosa/librosa/issues/2076|-|1,https://github.com/librosa/librosa/issues/2076,-,S,1,R,GROWTH,GRW,"R6,V1"
https://github.com/librosa/librosa/issues/2076|-|2,https://github.com/librosa/librosa/issues/2076,-,S,2,R,GROWTH,GRW,R6
https://github.com/librosa/librosa/issues/2076|-|3,https://github.com/librosa/librosa/issues/2076,-,S,3,R,GROWTH,GRW,R6
https://github.com/librosa/librosa/issues/2076|4964858649|0,https://github.com/librosa/librosa/issues/2076,4964858649,S,0,M,GROWTH,GRW,NA
https://github.com/eduaguilera/whep/issues/777|-|0,https://github.com/eduaguilera/whep/issues/777,-,S,0,R,GROWTH,GRW,"R6,V1"
https://github.com/eduaguilera/whep/issues/777|-|1,https://github.com/eduaguilera/whep/issues/777,-,S,1,R,GROWTH,GRW,R6
https://github.com/eduaguilera/whep/issues/777|-|2,https://github.com/eduaguilera/whep/issues/777,-,S,2,R,GROWTH,GRW,R6
https://github.com/eduaguilera/whep/issues/777|5396481763|0,https://github.com/eduaguilera/whep/issues/777,5396481763,S,0,R,GROWTH,GRW,NA
https://github.com/eduaguilera/whep/issues/777|5396481763|1,https://github.com/eduaguilera/whep/issues/777,5396481763,S,1,R,GROWTH,GRW,R6
https://github.com/eduaguilera/whep/issues/777|5396481763|2,https://github.com/eduaguilera/whep/issues/777,5396481763,S,2,R,GROWTH,GRW,R6
https://github.com/eduaguilera/whep/issues/777|5396481763|3,https://github.com/eduaguilera/whep/issues/777,5396481763,S,3,R,GROWTH,GRW,R6
https://github.com/lance-format/lance/issues/7242|-|0,https://github.com/lance-format/lance/issues/7242,-,S,0,R,GROWTH,GRW,"R6,L3"
https://github.com/lance-format/lance/issues/7242|-|1,https://github.com/lance-format/lance/issues/7242,-,S,1,R,GROWTH,GRW,L3
https://github.com/lance-format/lance/issues/7242|-|2,https://github.com/lance-format/lance/issues/7242,-,S,2,R,GROWTH,GRW,R6
https://github.com/lance-format/lance/issues/7242|-|3,https://github.com/lance-format/lance/issues/7242,-,S,3,R,GROWTH,GRW,R6
https://github.com/lance-format/lance/issues/7242|4692477650|0,https://github.com/lance-format/lance/issues/7242,4692477650,Q,0,O,GROWTH,GRW,"R6,R5"
https://github.com/lance-format/lance/issues/7242|4692477650|1,https://github.com/lance-format/lance/issues/7242,4692477650,S,1,O,GROWTH,GRW,V1
https://github.com/lance-format/lance/issues/7242|4692477650|2,https://github.com/lance-format/lance/issues/7242,4692477650,S,2,O,GROWTH,GRW,R6
https://github.com/lance-format/lance/issues/7242|4692477650|3,https://github.com/lance-format/lance/issues/7242,4692477650,S,3,O,GROWTH,GRW,R3
https://github.com/lance-format/lance/issues/7242|4692477650|4,https://github.com/lance-format/lance/issues/7242,4692477650,Q,4,O,GROWTH,GRW,D1
https://github.com/lance-format/lance/issues/7242|4692477650|5,https://github.com/lance-format/lance/issues/7242,4692477650,S,5,O,GROWTH,GRW,L3
https://github.com/lance-format/lance/issues/7242|4701259743|0,https://github.com/lance-format/lance/issues/7242,4701259743,S,0,O,GROWTH,GRW,"R6,V1"
https://github.com/lance-format/lance/issues/7242|4701259743|1,https://github.com/lance-format/lance/issues/7242,4701259743,S,1,O,GROWTH,GRW,"R6,V1"
https://github.com/lance-format/lance/issues/7242|4701259743|2,https://github.com/lance-format/lance/issues/7242,4701259743,S,2,O,GROWTH,GRW,R6
https://github.com/lance-format/lance/issues/7242|4701259743|3,https://github.com/lance-format/lance/issues/7242,4701259743,S,3,O,GROWTH,GRW,R6
https://github.com/unicitynetwork/ipfs-storage/issues/17|-|0,https://github.com/unicitynetwork/ipfs-storage/issues/17,-,S,0,R,GROWTH,GRW,L3
https://github.com/unicitynetwork/ipfs-storage/issues/17|-|1,https://github.com/unicitynetwork/ipfs-storage/issues/17,-,S,1,R,GROWTH,GRW,R6
https://github.com/unicitynetwork/ipfs-storage/issues/17|-|2,https://github.com/unicitynetwork/ipfs-storage/issues/17,-,S,2,R,GROWTH,GRW,R6
https://github.com/unicitynetwork/ipfs-storage/issues/17|4708737787|0,https://github.com/unicitynetwork/ipfs-storage/issues/17,4708737787,S,0,R,GROWTH,GRW,L3
https://github.com/unicitynetwork/ipfs-storage/issues/17|4708737787|1,https://github.com/unicitynetwork/ipfs-storage/issues/17,4708737787,S,1,R,GROWTH,GRW,R6
https://github.com/unicitynetwork/ipfs-storage/issues/17|4708737787|2,https://github.com/unicitynetwork/ipfs-storage/issues/17,4708737787,S,2,R,GROWTH,GRW,"R6,R3"
https://github.com/unicitynetwork/ipfs-storage/issues/17|4708737787|3,https://github.com/unicitynetwork/ipfs-storage/issues/17,4708737787,S,3,R,GROWTH,GRW,NA
https://github.com/nfs-ganesha/nfs-ganesha/issues/630|-|0,https://github.com/nfs-ganesha/nfs-ganesha/issues/630,-,S,0,R,REFCOUNT,REF,"N2,R5"
https://github.com/nfs-ganesha/nfs-ganesha/issues/630|-|1,https://github.com/nfs-ganesha/nfs-ganesha/issues/630,-,S,1,R,REFCOUNT,REF,N2
https://github.com/NousResearch/hermes-agent/issues/62743|-|0,https://github.com/NousResearch/hermes-agent/issues/62743,-,S,0,R,GROWTH,GRW,L3
https://github.com/NousResearch/hermes-agent/issues/62743|-|1,https://github.com/NousResearch/hermes-agent/issues/62743,-,S,1,R,GROWTH,GRW,R6
https://github.com/NousResearch/hermes-agent/issues/62743|-|2,https://github.com/NousResearch/hermes-agent/issues/62743,-,S,2,R,GROWTH,GRW,R6
https://github.com/NousResearch/hermes-agent/issues/62743|-|3,https://github.com/NousResearch/hermes-agent/issues/62743,-,S,3,R,GROWTH,GRW,L3
https://github.com/NousResearch/hermes-agent/issues/62743|4947982998|0,https://github.com/NousResearch/hermes-agent/issues/62743,4947982998,S,0,O,GROWTH,GRW,"N3,R6"
https://github.com/NousResearch/hermes-agent/issues/62743|4947982998|1,https://github.com/NousResearch/hermes-agent/issues/62743,4947982998,S,1,O,GROWTH,GRW,R6
https://github.com/NousResearch/hermes-agent/issues/62743|4947982998|2,https://github.com/NousResearch/hermes-agent/issues/62743,4947982998,S,2,O,GROWTH,GRW,R6
https://github.com/NousResearch/hermes-agent/issues/62743|4947982998|3,https://github.com/NousResearch/hermes-agent/issues/62743,4947982998,S,3,O,GROWTH,GRW,R6
https://github.com/NousResearch/hermes-agent/issues/62743|4947982998|4,https://github.com/NousResearch/hermes-agent/issues/62743,4947982998,Q,4,O,GROWTH,GRW,R6
https://github.com/NousResearch/hermes-agent/issues/62743|5886909111|0,https://github.com/NousResearch/hermes-agent/issues/62743,5886909111,S,0,O,GROWTH,GRW,NA
https://github.com/NousResearch/hermes-agent/issues/62743|5947050541|0,https://github.com/NousResearch/hermes-agent/issues/62743,5947050541,S,0,O,GROWTH,GRW,R5
https://github.com/NousResearch/hermes-agent/issues/62743|5947050541|1,https://github.com/NousResearch/hermes-agent/issues/62743,5947050541,S,1,O,GROWTH,GRW,L3
https://github.com/NousResearch/hermes-agent/issues/62743|5947050541|2,https://github.com/NousResearch/hermes-agent/issues/62743,5947050541,S,2,O,GROWTH,GRW,L4
https://github.com/NousResearch/hermes-agent/issues/62743|5947050541|3,https://github.com/NousResearch/hermes-agent/issues/62743,5947050541,S,3,O,GROWTH,GRW,"R6,R5"
https://github.com/LINBIT/drbd/issues/134|-|0,https://github.com/LINBIT/drbd/issues/134,-,S,0,R,REFCOUNT,REF,N2
https://github.com/LINBIT/drbd/issues/134|-|1,https://github.com/LINBIT/drbd/issues/134,-,S,1,R,REFCOUNT,REF,N2
https://github.com/LINBIT/drbd/issues/134|-|2,https://github.com/LINBIT/drbd/issues/134,-,S,2,R,REFCOUNT,REF,D5
https://github.com/LINBIT/drbd/issues/134|-|3,https://github.com/LINBIT/drbd/issues/134,-,S,3,R,REFCOUNT,REF,D5
https://github.com/Electrostatics/apbs/issues/310|-|0,https://github.com/Electrostatics/apbs/issues/310,-,S,0,R,REFCOUNT,REF,"N2,O2,C1"
https://github.com/Electrostatics/apbs/issues/310|-|1,https://github.com/Electrostatics/apbs/issues/310,-,S,1,R,REFCOUNT,REF,"N2,L3"
https://github.com/Electrostatics/apbs/issues/310|-|2,https://github.com/Electrostatics/apbs/issues/310,-,S,2,R,REFCOUNT,REF,"N2,C1"
https://github.com/tree-sitter/py-tree-sitter/issues/490|-|0,https://github.com/tree-sitter/py-tree-sitter/issues/490,-,S,0,R,REFCOUNT,REF,"N2,O2"
https://github.com/lericson/pylibmc/issues/312|-|0,https://github.com/lericson/pylibmc/issues/312,-,S,0,R,REFCOUNT,REF,N2
https://github.com/lericson/pylibmc/issues/312|-|1,https://github.com/lericson/pylibmc/issues/312,-,S,1,R,REFCOUNT,REF,"N2,O2"
https://github.com/lericson/pylibmc/issues/312|-|2,https://github.com/lericson/pylibmc/issues/312,-,S,2,R,REFCOUNT,REF,"N2,L1"
https://github.com/lericson/pylibmc/issues/312|-|3,https://github.com/lericson/pylibmc/issues/312,-,S,3,R,REFCOUNT,REF,N2
https://github.com/lericson/pylibmc/issues/310|-|0,https://github.com/lericson/pylibmc/issues/310,-,S,0,R,REFCOUNT,REF,N2
https://github.com/lericson/pylibmc/issues/308|-|0,https://github.com/lericson/pylibmc/issues/308,-,S,0,R,REFCOUNT,REF,"N2,E1,C1"
https://github.com/lericson/pylibmc/issues/308|-|1,https://github.com/lericson/pylibmc/issues/308,-,S,1,R,REFCOUNT,REF,"N2,E1"
https://github.com/lericson/pylibmc/issues/308|-|2,https://github.com/lericson/pylibmc/issues/308,-,S,2,R,REFCOUNT,REF,"N2,E1"
https://github.com/lericson/pylibmc/issues/308|-|3,https://github.com/lericson/pylibmc/issues/308,-,S,3,R,REFCOUNT,REF,N2
https://github.com/lericson/pylibmc/issues/311|-|0,https://github.com/lericson/pylibmc/issues/311,-,S,0,R,REFCOUNT,REF,N2
https://github.com/lericson/pylibmc/issues/311|-|1,https://github.com/lericson/pylibmc/issues/311,-,S,1,R,REFCOUNT,REF,"N2,O2"
https://github.com/lericson/pylibmc/issues/311|-|2,https://github.com/lericson/pylibmc/issues/311,-,S,2,R,REFCOUNT,REF,"N2,L1"
https://github.com/lericson/pylibmc/issues/311|-|3,https://github.com/lericson/pylibmc/issues/311,-,S,3,R,REFCOUNT,REF,N2
https://github.com/tree-sitter/py-tree-sitter/issues/492|-|0,https://github.com/tree-sitter/py-tree-sitter/issues/492,-,S,0,R,REFCOUNT,REF,C1
https://github.com/tree-sitter/py-tree-sitter/issues/492|-|1,https://github.com/tree-sitter/py-tree-sitter/issues/492,-,S,1,R,REFCOUNT,REF,"C1,A4"
https://github.com/tree-sitter/py-tree-sitter/issues/492|-|2,https://github.com/tree-sitter/py-tree-sitter/issues/492,-,S,2,R,REFCOUNT,REF,C1
https://github.com/tree-sitter/py-tree-sitter/issues/492|-|3,https://github.com/tree-sitter/py-tree-sitter/issues/492,-,S,3,R,REFCOUNT,REF,D1
https://github.com/ravynsoft/ravynos/issues/556|-|0,https://github.com/ravynsoft/ravynos/issues/556,-,S,0,R,REFCOUNT,REF,O2
https://github.com/ravynsoft/ravynos/issues/556|-|1,https://github.com/ravynsoft/ravynos/issues/556,-,S,1,R,REFCOUNT,REF,"O2,D4"
https://github.com/ravynsoft/ravynos/issues/556|-|2,https://github.com/ravynsoft/ravynos/issues/556,-,S,2,R,REFCOUNT,REF,"O2,L2"
https://github.com/ravynsoft/ravynos/issues/556|-|3,https://github.com/ravynsoft/ravynos/issues/556,-,S,3,R,REFCOUNT,REF,O2
https://github.com/Vera-Firefly/Pojav-Glow-Worm/issues/435|-|0,https://github.com/Vera-Firefly/Pojav-Glow-Worm/issues/435,-,S,0,R,REFCOUNT,REF,"RK,L3"
https://github.com/Vera-Firefly/Pojav-Glow-Worm/issues/435|-|1,https://github.com/Vera-Firefly/Pojav-Glow-Worm/issues/435,-,S,1,R,REFCOUNT,REF,"RK,L4"
https://github.com/Vera-Firefly/Pojav-Glow-Worm/issues/435|-|2,https://github.com/Vera-Firefly/Pojav-Glow-Worm/issues/435,-,S,2,R,REFCOUNT,REF,"RK,L3"
https://github.com/Vera-Firefly/Pojav-Glow-Worm/issues/435|-|3,https://github.com/Vera-Firefly/Pojav-Glow-Worm/issues/435,-,S,3,R,REFCOUNT,REF,NA
https://github.com/wseemann/ServeStream/issues/17|-|0,https://github.com/wseemann/ServeStream/issues/17,-,S,0,R,REFCOUNT,REF,"RK,L3"
https://github.com/wseemann/ServeStream/issues/17|-|1,https://github.com/wseemann/ServeStream/issues/17,-,S,1,R,REFCOUNT,REF,"RK,D1"
https://github.com/Multy-io/Multy-Android/issues/95|-|0,https://github.com/Multy-io/Multy-Android/issues/95,-,S,0,R,REFCOUNT,REF,"RK,L3"
https://github.com/Multy-io/Multy-Android/issues/95|-|1,https://github.com/Multy-io/Multy-Android/issues/95,-,S,1,R,REFCOUNT,REF,"RK,D1"
https://github.com/Multy-io/Multy-Android/issues/95|-|2,https://github.com/Multy-io/Multy-Android/issues/95,-,S,2,R,REFCOUNT,REF,"RK,D1"
https://github.com/openblack/openblack/issues/869|-|0,https://github.com/openblack/openblack/issues/869,-,S,0,R,REFCOUNT,REF,"RK,L2"
https://github.com/openblack/openblack/issues/869|-|1,https://github.com/openblack/openblack/issues/869,-,S,1,R,REFCOUNT,REF,"RK,L3"
https://github.com/openblack/openblack/issues/869|-|2,https://github.com/openblack/openblack/issues/869,-,S,2,R,REFCOUNT,REF,"RK,C2"
https://github.com/openblack/openblack/issues/869|-|3,https://github.com/openblack/openblack/issues/869,-,S,3,R,REFCOUNT,REF,"RK,D1"
https://github.com/mozilla/mozjpeg/issues/460|-|0,https://github.com/mozilla/mozjpeg/issues/460,-,S,0,R,REFCOUNT,REF,"RK,L3"
https://github.com/mozilla/mozjpeg/issues/460|-|1,https://github.com/mozilla/mozjpeg/issues/460,-,S,1,R,REFCOUNT,REF,C1
https://github.com/s-u/rJava/issues/353|-|0,https://github.com/s-u/rJava/issues/353,-,S,0,R,REFCOUNT,REF,"RK,L3"
https://github.com/s-u/rJava/issues/353|-|1,https://github.com/s-u/rJava/issues/353,-,S,1,R,REFCOUNT,REF,"RK,L4"
https://github.com/s-u/rJava/issues/353|-|2,https://github.com/s-u/rJava/issues/353,-,S,2,R,REFCOUNT,REF,"RK,L2"
https://github.com/s-u/rJava/issues/353|-|3,https://github.com/s-u/rJava/issues/353,-,S,3,R,REFCOUNT,REF,"RK,L3"
https://github.com/apache/carbondata/issues/4402|-|0,https://github.com/apache/carbondata/issues/4402,-,S,0,R,REFCOUNT,REF,"RK,L2"
https://github.com/apache/carbondata/issues/4402|-|1,https://github.com/apache/carbondata/issues/4402,-,S,1,R,REFCOUNT,REF,"RK,L2"
https://github.com/apache/carbondata/issues/4402|-|2,https://github.com/apache/carbondata/issues/4402,-,S,2,R,REFCOUNT,REF,"RK,N3"
https://github.com/apache/carbondata/issues/4402|-|3,https://github.com/apache/carbondata/issues/4402,-,S,3,R,REFCOUNT,REF,"RK,L3"
https://github.com/sleuthkit/sleuthkit/issues/3552|-|0,https://github.com/sleuthkit/sleuthkit/issues/3552,-,S,0,R,REFCOUNT,REF,"RK,L3"
https://github.com/gridlab-d/gridlab-d/issues/1795|-|0,https://github.com/gridlab-d/gridlab-d/issues/1795,-,S,0,R,REFCOUNT,REF,"RK,L3"
https://github.com/gridlab-d/gridlab-d/issues/1795|-|1,https://github.com/gridlab-d/gridlab-d/issues/1795,-,S,1,R,REFCOUNT,REF,"RK,L2"
https://github.com/gridlab-d/gridlab-d/issues/1795|-|2,https://github.com/gridlab-d/gridlab-d/issues/1795,-,S,2,R,REFCOUNT,REF,"RK,L4"
https://github.com/gridlab-d/gridlab-d/issues/1795|-|3,https://github.com/gridlab-d/gridlab-d/issues/1795,-,S,3,R,REFCOUNT,REF,"RK,L4"
https://github.com/GaijinEntertainment/DagorEngine/issues/210|-|0,https://github.com/GaijinEntertainment/DagorEngine/issues/210,-,S,0,R,REFCOUNT,REF,"RK,L2"
https://github.com/GaijinEntertainment/DagorEngine/issues/210|-|1,https://github.com/GaijinEntertainment/DagorEngine/issues/210,-,S,1,R,REFCOUNT,REF,"RK,L4"
https://github.com/GaijinEntertainment/DagorEngine/issues/210|-|2,https://github.com/GaijinEntertainment/DagorEngine/issues/210,-,S,2,R,REFCOUNT,REF,"RK,L3"
https://github.com/nothings/stb/issues/2002|-|0,https://github.com/nothings/stb/issues/2002,-,S,0,R,UAF,UAF,D5
https://github.com/nothings/stb/issues/2002|-|1,https://github.com/nothings/stb/issues/2002,-,S,1,R,UAF,UAF,"D5,T1"
https://github.com/nothings/stb/issues/2002|-|2,https://github.com/nothings/stb/issues/2002,-,S,2,R,UAF,UAF,NA
https://github.com/nothings/stb/issues/2002|-|3,https://github.com/nothings/stb/issues/2002,-,S,3,R,UAF,UAF,D5
https://github.com/libarchive/libarchive/issues/3623|-|0,https://github.com/libarchive/libarchive/issues/3623,-,S,0,R,UAF,UAF,NA
https://github.com/libarchive/libarchive/issues/3623|-|1,https://github.com/libarchive/libarchive/issues/3623,-,S,1,R,UAF,UAF,"D5,C1"
https://github.com/libarchive/libarchive/issues/3623|-|2,https://github.com/libarchive/libarchive/issues/3623,-,S,2,R,UAF,UAF,D5
https://github.com/libarchive/libarchive/issues/3623|-|3,https://github.com/libarchive/libarchive/issues/3623,-,S,3,R,UAF,UAF,D5
https://github.com/gpac/gpac/issues/3867|-|0,https://github.com/gpac/gpac/issues/3867,-,S,0,R,UAF,UAF,"D5,L4"
https://github.com/saghul/txiki.js/issues/1078|-|0,https://github.com/saghul/txiki.js/issues/1078,-,S,0,R,UAF,UAF,"D5,L2"
https://github.com/saghul/txiki.js/issues/1078|-|1,https://github.com/saghul/txiki.js/issues/1078,-,S,1,R,UAF,UAF,D5
https://github.com/saghul/txiki.js/issues/1078|-|2,https://github.com/saghul/txiki.js/issues/1078,-,S,2,R,UAF,UAF,L2
https://github.com/saghul/txiki.js/issues/1078|-|3,https://github.com/saghul/txiki.js/issues/1078,-,S,3,R,UAF,UAF,"D5,E3"
https://github.com/gpac/gpac/issues/3874|-|0,https://github.com/gpac/gpac/issues/3874,-,S,0,R,UAF,UAF,"D5,L4"
https://github.com/gpac/gpac/issues/3874|-|1,https://github.com/gpac/gpac/issues/3874,-,S,1,R,UAF,UAF,T1
https://github.com/gpac/gpac/issues/3874|-|2,https://github.com/gpac/gpac/issues/3874,-,S,2,R,UAF,UAF,T1
https://github.com/gpac/gpac/issues/3874|5840251906|0,https://github.com/gpac/gpac/issues/3874,5840251906,S,0,O,UAF,UAF,N2
https://github.com/gpac/gpac/issues/3874|5840251906|1,https://github.com/gpac/gpac/issues/3874,5840251906,S,1,O,UAF,UAF,"D5,L4"
https://github.com/gpac/gpac/issues/3874|5840251906|2,https://github.com/gpac/gpac/issues/3874,5840251906,S,2,O,UAF,UAF,"D5,L4"
https://github.com/gpac/gpac/issues/3874|5840251906|3,https://github.com/gpac/gpac/issues/3874,5840251906,S,3,O,UAF,UAF,N2
https://github.com/gpac/gpac/issues/3874|5840450912|0,https://github.com/gpac/gpac/issues/3874,5840450912,S,0,O,UAF,UAF,"D5,L2"
https://github.com/gpac/gpac/issues/3874|5840450912|1,https://github.com/gpac/gpac/issues/3874,5840450912,S,1,O,UAF,UAF,"D5,L4"
https://github.com/gpac/gpac/issues/3874|5840450912|2,https://github.com/gpac/gpac/issues/3874,5840450912,S,2,O,UAF,UAF,L4
https://github.com/gpac/gpac/issues/3874|5840450912|3,https://github.com/gpac/gpac/issues/3874,5840450912,S,3,O,UAF,UAF,L2
https://github.com/saghul/txiki.js/issues/1095|-|0,https://github.com/saghul/txiki.js/issues/1095,-,S,0,R,UAF,UAF,"D5,X1"
https://github.com/saghul/txiki.js/issues/1095|-|1,https://github.com/saghul/txiki.js/issues/1095,-,S,1,R,UAF,UAF,NA
https://github.com/saghul/txiki.js/issues/1095|-|2,https://github.com/saghul/txiki.js/issues/1095,-,S,2,R,UAF,UAF,"D5,X1"
https://github.com/saghul/txiki.js/issues/1095|-|3,https://github.com/saghul/txiki.js/issues/1095,-,S,3,R,UAF,UAF,D5
https://github.com/michaelrsweet/mxml/issues/358|-|0,https://github.com/michaelrsweet/mxml/issues/358,-,S,0,R,UAF,UAF,"D4,C1"
https://github.com/michaelrsweet/mxml/issues/358|-|1,https://github.com/michaelrsweet/mxml/issues/358,-,S,1,R,UAF,UAF,"D5,C1"
https://github.com/michaelrsweet/mxml/issues/358|-|2,https://github.com/michaelrsweet/mxml/issues/358,-,S,2,R,UAF,UAF,H1
https://github.com/michaelrsweet/mxml/issues/358|-|3,https://github.com/michaelrsweet/mxml/issues/358,-,S,3,R,UAF,UAF,NA
https://github.com/michaelrsweet/mxml/issues/358|5892601868|0,https://github.com/michaelrsweet/mxml/issues/358,5892601868,S,0,M,UAF,UAF,N2
https://github.com/michaelrsweet/mxml/issues/358|5902775187|0,https://github.com/michaelrsweet/mxml/issues/358,5902775187,S,0,R,UAF,UAF,N1
https://github.com/michaelrsweet/mxml/issues/358|5902775187|1,https://github.com/michaelrsweet/mxml/issues/358,5902775187,S,1,R,UAF,UAF,"O1,C1"
https://github.com/michaelrsweet/mxml/issues/358|5902775187|2,https://github.com/michaelrsweet/mxml/issues/358,5902775187,S,2,R,UAF,UAF,C1
https://github.com/michaelrsweet/mxml/issues/358|5902775187|3,https://github.com/michaelrsweet/mxml/issues/358,5902775187,S,3,R,UAF,UAF,C1
https://github.com/bellard/quickjs/issues/527|-|0,https://github.com/bellard/quickjs/issues/527,-,S,0,R,UAF,UAF,"D5,L2"
https://github.com/bellard/quickjs/issues/527|-|1,https://github.com/bellard/quickjs/issues/527,-,S,1,R,UAF,UAF,NA
https://github.com/bellard/quickjs/issues/527|-|2,https://github.com/bellard/quickjs/issues/527,-,S,2,R,UAF,UAF,D5
https://github.com/bellard/quickjs/issues/527|-|3,https://github.com/bellard/quickjs/issues/527,-,S,3,R,UAF,UAF,"D5,L2"
https://github.com/molru-1/Week5/issues/2|-|0,https://github.com/molru-1/Week5/issues/2,-,S,0,R,DOUBLEFREE,DF,NA
https://github.com/molru-1/Week5/issues/2|-|1,https://github.com/molru-1/Week5/issues/2,-,S,1,R,DOUBLEFREE,DF,NA
https://github.com/molru-1/Week5/issues/2|-|2,https://github.com/molru-1/Week5/issues/2,-,S,2,R,DOUBLEFREE,DF,T1
https://github.com/molru-1/Week5/issues/2|-|3,https://github.com/molru-1/Week5/issues/2,-,S,3,R,DOUBLEFREE,DF,D4
https://github.com/CGNS/CGNS/issues/978|-|0,https://github.com/CGNS/CGNS/issues/978,-,S,0,R,UAF,UAF,D5
https://github.com/molru-1/Week5/issues/19|-|0,https://github.com/molru-1/Week5/issues/19,-,S,0,R,DOUBLEFREE,DF,NA
https://github.com/molru-1/Week5/issues/19|-|1,https://github.com/molru-1/Week5/issues/19,-,S,1,R,DOUBLEFREE,DF,NA
https://github.com/lvntky/nexus.c/issues/2|2303866163|0,https://github.com/lvntky/nexus.c/issues/2,2303866163,S,0,M,HEAPCORRUPT,HC,NA
https://github.com/opensensor/lightNVR/issues/587|-|0,https://github.com/opensensor/lightNVR/issues/587,-,S,0,R,HEAPCORRUPT,HC,NA
https://github.com/opensensor/lightNVR/issues/587|-|1,https://github.com/opensensor/lightNVR/issues/587,-,S,1,R,HEAPCORRUPT,HC,NA
https://github.com/opensensor/lightNVR/issues/587|5531101910|0,https://github.com/opensensor/lightNVR/issues/587,5531101910,S,0,O,HEAPCORRUPT,HC,"H1,R4"
https://github.com/opensensor/lightNVR/issues/587|5531101910|1,https://github.com/opensensor/lightNVR/issues/587,5531101910,Q,1,O,HEAPCORRUPT,HC,T1
https://github.com/opensensor/lightNVR/issues/587|5531722495|0,https://github.com/opensensor/lightNVR/issues/587,5531722495,S,0,O,HEAPCORRUPT,HC,"H1,L4"
https://github.com/opensensor/lightNVR/issues/587|5544640283|0,https://github.com/opensensor/lightNVR/issues/587,5544640283,S,0,R,HEAPCORRUPT,HC,NA
https://github.com/opensensor/lightNVR/issues/587|5544868082|0,https://github.com/opensensor/lightNVR/issues/587,5544868082,S,0,R,HEAPCORRUPT,HC,NA
https://github.com/opensensor/lightNVR/issues/587|5544890338|0,https://github.com/opensensor/lightNVR/issues/587,5544890338,S,0,O,HEAPCORRUPT,HC,NA
https://github.com/opensensor/lightNVR/issues/587|5544890338|1,https://github.com/opensensor/lightNVR/issues/587,5544890338,S,1,O,HEAPCORRUPT,HC,"H1,R4"
https://github.com/opensensor/lightNVR/issues/587|5544890338|2,https://github.com/opensensor/lightNVR/issues/587,5544890338,S,2,O,HEAPCORRUPT,HC,NA
https://github.com/opensensor/lightNVR/issues/587|5545202970|0,https://github.com/opensensor/lightNVR/issues/587,5545202970,S,0,R,HEAPCORRUPT,HC,NA
https://github.com/opensensor/lightNVR/issues/587|5545327863|0,https://github.com/opensensor/lightNVR/issues/587,5545327863,S,0,O,HEAPCORRUPT,HC,NA
https://github.com/opensensor/lightNVR/issues/587|5545327863|1,https://github.com/opensensor/lightNVR/issues/587,5545327863,S,1,O,HEAPCORRUPT,HC,NA
https://github.com/opensensor/lightNVR/issues/587|5546228666|0,https://github.com/opensensor/lightNVR/issues/587,5546228666,S,0,O,HEAPCORRUPT,HC,NA
https://github.com/opensensor/lightNVR/issues/587|5546228666|1,https://github.com/opensensor/lightNVR/issues/587,5546228666,S,1,O,HEAPCORRUPT,HC,NA
https://github.com/opensensor/lightNVR/issues/587|5546228666|2,https://github.com/opensensor/lightNVR/issues/587,5546228666,S,2,O,HEAPCORRUPT,HC,NA
https://github.com/opensensor/lightNVR/issues/587|5546228666|3,https://github.com/opensensor/lightNVR/issues/587,5546228666,S,3,O,HEAPCORRUPT,HC,NA
https://github.com/opensensor/lightNVR/issues/587|5590623473|0,https://github.com/opensensor/lightNVR/issues/587,5590623473,S,0,R,HEAPCORRUPT,HC,T1
https://github.com/opensensor/lightNVR/issues/587|5590623473|1,https://github.com/opensensor/lightNVR/issues/587,5590623473,S,1,R,HEAPCORRUPT,HC,NA
https://github.com/flang-compiler/flang/issues/1437|-|0,https://github.com/flang-compiler/flang/issues/1437,-,S,0,R,HEAPCORRUPT,HC,H1
https://github.com/COVESA/dlt-daemon/issues/900|-|0,https://github.com/COVESA/dlt-daemon/issues/900,-,S,0,R,HEAPCORRUPT,HC,"H1,A4"
https://github.com/limasnursalim/Image-Compression/issues/1|-|0,https://github.com/limasnursalim/Image-Compression/issues/1,-,S,0,R,HEAPCORRUPT,HC,NA
https://github.com/leochien1110/rs-voxelmap-glvisualizer/issues/3|-|0,https://github.com/leochien1110/rs-voxelmap-glvisualizer/issues/3,-,S,0,R,GPU,GPU,"RK,L3"
https://github.com/microsoft/CNTK/issues/3778|-|0,https://github.com/microsoft/CNTK/issues/3778,-,Q,0,R,GPU,GPU,"RK,D1"
https://github.com/microsoft/CNTK/issues/3778|-|1,https://github.com/microsoft/CNTK/issues/3778,-,Q,1,R,GPU,GPU,"RK,D1"
https://github.com/microsoft/CNTK/issues/3778|-|2,https://github.com/microsoft/CNTK/issues/3778,-,S,2,R,GPU,GPU,V1
https://github.com/microsoft/CNTK/issues/3778|560755672|0,https://github.com/microsoft/CNTK/issues/3778,560755672,S,0,R,GPU,GPU,"RK,D1"
https://github.com/microsoft/CNTK/issues/3778|560755672|1,https://github.com/microsoft/CNTK/issues/3778,560755672,Q,1,R,GPU,GPU,"RK,L3"
https://github.com/microsoft/CNTK/issues/3778|560755672|2,https://github.com/microsoft/CNTK/issues/3778,560755672,S,2,R,GPU,GPU,"RK,D1"
https://github.com/dmlc/decord/issues/27|592922863|0,https://github.com/dmlc/decord/issues/27,592922863,S,0,O,GPU,GPU,NA
https://github.com/dmlc/decord/issues/27|593023894|0,https://github.com/dmlc/decord/issues/27,593023894,S,0,M,GPU,GPU,V1
https://github.com/dmlc/decord/issues/27|595855074|0,https://github.com/dmlc/decord/issues/27,595855074,S,0,O,GPU,GPU,RK
https://github.com/dmlc/decord/issues/27|598944817|0,https://github.com/dmlc/decord/issues/27,598944817,S,0,O,GPU,GPU,R3
https://github.com/dmlc/decord/issues/27|628240190|0,https://github.com/dmlc/decord/issues/27,628240190,S,0,O,GPU,GPU,NA
https://github.com/dmlc/decord/issues/27|688845902|0,https://github.com/dmlc/decord/issues/27,688845902,S,0,O,GPU,GPU,D1
https://github.com/dmlc/decord/issues/27|700678177|0,https://github.com/dmlc/decord/issues/27,700678177,S,0,O,GPU,GPU,NA
https://github.com/dmlc/decord/issues/27|700678177|1,https://github.com/dmlc/decord/issues/27,700678177,Q,1,O,GPU,GPU,NA
https://github.com/triton-inference-server/onnxruntime_backend/issues/268|-|0,https://github.com/triton-inference-server/onnxruntime_backend/issues/268,-,S,0,R,GPU,GPU,"RK,C1"
https://github.com/apache/mxnet/issues/20315|-|0,https://github.com/apache/mxnet/issues/20315,-,S,0,R,GPU,GPU,"RK,D1"
https://github.com/mitsuba-renderer/mitsuba2/issues/294|-|0,https://github.com/mitsuba-renderer/mitsuba2/issues/294,-,S,0,R,GPU,GPU,RK
https://github.com/mitsuba-renderer/mitsuba2/issues/294|-|1,https://github.com/mitsuba-renderer/mitsuba2/issues/294,-,S,1,R,GPU,GPU,V1
https://github.com/mitsuba-renderer/mitsuba2/issues/294|710016725|0,https://github.com/mitsuba-renderer/mitsuba2/issues/294,710016725,Q,0,M,GPU,GPU,R6
https://github.com/openxla/xla/issues/36487|-|0,https://github.com/openxla/xla/issues/36487,-,S,0,R,GPU,GPU,RK
https://github.com/openxla/xla/issues/36487|-|1,https://github.com/openxla/xla/issues/36487,-,S,1,R,GPU,GPU,RK
https://github.com/openxla/xla/issues/36487|-|2,https://github.com/openxla/xla/issues/36487,-,S,2,R,GPU,GPU,L3
https://github.com/openxla/xla/issues/36487|-|3,https://github.com/openxla/xla/issues/36487,-,S,3,R,GPU,GPU,NA
https://github.com/openxla/xla/issues/36487|3758341637|0,https://github.com/openxla/xla/issues/36487,3758341637,S,0,M,GPU,GPU,R3
https://github.com/openxla/xla/issues/36487|3758354453|0,https://github.com/openxla/xla/issues/36487,3758354453,S,0,O,GPU,GPU,R3
https://github.com/openxla/xla/issues/36487|3758354453|1,https://github.com/openxla/xla/issues/36487,3758354453,S,1,O,GPU,GPU,L1
https://github.com/openxla/xla/issues/36487|3758354453|2,https://github.com/openxla/xla/issues/36487,3758354453,S,2,O,GPU,GPU,L3
https://github.com/openxla/xla/issues/36487|3758354453|3,https://github.com/openxla/xla/issues/36487,3758354453,Q,3,O,GPU,GPU,R5
https://github.com/apache/mxnet/issues/20959|-|0,https://github.com/apache/mxnet/issues/20959,-,S,0,R,GPU,GPU,R3
https://github.com/apache/mxnet/issues/20959|-|1,https://github.com/apache/mxnet/issues/20959,-,S,1,R,GPU,GPU,"L3,R3"
https://github.com/apache/mxnet/issues/20959|1067165130|0,https://github.com/apache/mxnet/issues/20959,1067165130,S,0,R,GPU,GPU,NA
https://github.com/apache/mxnet/issues/20959|1067165130|1,https://github.com/apache/mxnet/issues/20959,1067165130,S,1,R,GPU,GPU,"RK,R5"
https://github.com/apache/mxnet/issues/20959|1067165130|2,https://github.com/apache/mxnet/issues/20959,1067165130,S,2,R,GPU,GPU,R3
https://github.com/apache/mxnet/issues/20959|1069279656|0,https://github.com/apache/mxnet/issues/20959,1069279656,Q,0,O,GPU,GPU,NA
https://github.com/apache/mxnet/issues/20959|1069830658|0,https://github.com/apache/mxnet/issues/20959,1069830658,S,0,O,GPU,GPU,NA
https://github.com/apache/mxnet/issues/20959|1069874455|0,https://github.com/apache/mxnet/issues/20959,1069874455,S,0,R,GPU,GPU,NA
https://github.com/apache/mxnet/issues/20959|1069874455|1,https://github.com/apache/mxnet/issues/20959,1069874455,S,1,R,GPU,GPU,NA
https://github.com/apache/mxnet/issues/20959|1069874455|2,https://github.com/apache/mxnet/issues/20959,1069874455,S,2,R,GPU,GPU,NA
https://github.com/apache/mxnet/issues/20959|1072926185|0,https://github.com/apache/mxnet/issues/20959,1072926185,S,0,R,GPU,GPU,"RK,N3,L4"
https://github.com/apache/mxnet/issues/20959|1072926185|1,https://github.com/apache/mxnet/issues/20959,1072926185,S,1,R,GPU,GPU,N3
https://github.com/triton-inference-server/onnxruntime_backend/issues/198|-|0,https://github.com/triton-inference-server/onnxruntime_backend/issues/198,-,S,0,R,GPU,GPU,"RK,L3"
https://github.com/triton-inference-server/onnxruntime_backend/issues/198|-|1,https://github.com/triton-inference-server/onnxruntime_backend/issues/198,-,S,1,R,GPU,GPU,"RK,L3"
https://github.com/CanReader/SleakEngine/issues/157|-|0,https://github.com/CanReader/SleakEngine/issues/157,-,S,0,R,GPU,GPU,"RK,C1,L3"
https://github.com/CanReader/SleakEngine/issues/157|-|1,https://github.com/CanReader/SleakEngine/issues/157,-,S,1,R,GPU,GPU,"N3,C1"
https://github.com/CanReader/SleakEngine/issues/157|-|2,https://github.com/CanReader/SleakEngine/issues/157,-,S,2,R,GPU,GPU,C1
https://github.com/CanReader/SleakEngine/issues/157|-|3,https://github.com/CanReader/SleakEngine/issues/157,-,S,3,R,GPU,GPU,NA
https://github.com/L0932/ForgeSim/issues/17|-|0,https://github.com/L0932/ForgeSim/issues/17,-,S,0,R,GPU,GPU,"RK,O1,L2"
https://github.com/L0932/ForgeSim/issues/17|-|1,https://github.com/L0932/ForgeSim/issues/17,-,S,1,R,GPU,GPU,NA
https://github.com/Nemirtingas/ingame_overlay/issues/77|-|0,https://github.com/Nemirtingas/ingame_overlay/issues/77,-,S,0,R,GPU,GPU,NA
https://github.com/Nemirtingas/ingame_overlay/issues/77|-|1,https://github.com/Nemirtingas/ingame_overlay/issues/77,-,S,1,R,GPU,GPU,NA
https://github.com/Nemirtingas/ingame_overlay/issues/77|5358111025|0,https://github.com/Nemirtingas/ingame_overlay/issues/77,5358111025,S,0,R,GPU,GPU,C1
https://github.com/Nemirtingas/ingame_overlay/issues/77|5358111025|1,https://github.com/Nemirtingas/ingame_overlay/issues/77,5358111025,S,1,R,GPU,GPU,C1
https://github.com/Nemirtingas/ingame_overlay/issues/77|5358111025|2,https://github.com/Nemirtingas/ingame_overlay/issues/77,5358111025,S,2,R,GPU,GPU,"A4,C1"
https://github.com/Nemirtingas/ingame_overlay/issues/77|5358113127|0,https://github.com/Nemirtingas/ingame_overlay/issues/77,5358113127,S,0,R,GPU,GPU,L4
https://github.com/Nemirtingas/ingame_overlay/issues/77|5358113127|1,https://github.com/Nemirtingas/ingame_overlay/issues/77,5358113127,S,1,R,GPU,GPU,"RK,O2,D5"
https://github.com/Nemirtingas/ingame_overlay/issues/77|5358137781|0,https://github.com/Nemirtingas/ingame_overlay/issues/77,5358137781,S,0,R,GPU,GPU,"O1,L4"
https://github.com/Nemirtingas/ingame_overlay/issues/77|5358137781|1,https://github.com/Nemirtingas/ingame_overlay/issues/77,5358137781,S,1,R,GPU,GPU,L4
https://github.com/gazebosim/gz-sim/issues/2873|-|0,https://github.com/gazebosim/gz-sim/issues/2873,-,S,0,R,GPU,GPU,T1
https://github.com/gazebosim/gz-sim/issues/2873|-|1,https://github.com/gazebosim/gz-sim/issues/2873,-,S,1,R,GPU,GPU,R3
https://github.com/gazebosim/gz-sim/issues/2873|2824448079|0,https://github.com/gazebosim/gz-sim/issues/2873,2824448079,Q,0,O,GPU,GPU,R3
https://github.com/gazebosim/gz-sim/issues/2873|2826732180|0,https://github.com/gazebosim/gz-sim/issues/2873,2826732180,S,0,R,GPU,GPU,NA
https://github.com/gazebosim/gz-sim/issues/2873|2826732180|1,https://github.com/gazebosim/gz-sim/issues/2873,2826732180,S,1,R,GPU,GPU,R3
https://github.com/gazebosim/gz-sim/issues/2873|2827035919|0,https://github.com/gazebosim/gz-sim/issues/2873,2827035919,S,0,R,GPU,GPU,NA
https://github.com/gazebosim/gz-sim/issues/2873|2830538229|0,https://github.com/gazebosim/gz-sim/issues/2873,2830538229,S,0,R,GPU,GPU,NA
https://github.com/gazebosim/gz-sim/issues/2873|2979973769|0,https://github.com/gazebosim/gz-sim/issues/2873,2979973769,S,0,O,GPU,GPU,L3
https://github.com/gazebosim/gz-sim/issues/2873|2979973769|1,https://github.com/gazebosim/gz-sim/issues/2873,2979973769,S,1,O,GPU,GPU,NA
https://github.com/gazebosim/gz-sim/issues/2873|5965367339|0,https://github.com/gazebosim/gz-sim/issues/2873,5965367339,Q,0,O,GPU,GPU,NA
https://github.com/ofpisnotdead-com/CWR-CE/issues/167|5121290937|0,https://github.com/ofpisnotdead-com/CWR-CE/issues/167,5121290937,S,0,O,GPU,NA,NA
https://github.com/ofpisnotdead-com/CWR-CE/issues/167|5133570957|0,https://github.com/ofpisnotdead-com/CWR-CE/issues/167,5133570957,S,0,O,GPU,NA,NA
https://github.com/cemu-project/Cemu/issues/1176|-|0,https://github.com/cemu-project/Cemu/issues/1176,-,S,0,R,GPU,NA,NA
https://github.com/cemu-project/Cemu/issues/1176|2057228713|0,https://github.com/cemu-project/Cemu/issues/1176,2057228713,S,0,R,GPU,NA,NA
https://github.com/cemu-project/Cemu/issues/1176|2057228713|1,https://github.com/cemu-project/Cemu/issues/1176,2057228713,S,1,R,GPU,NA,NA
https://github.com/cemu-project/Cemu/issues/1176|2058323663|0,https://github.com/cemu-project/Cemu/issues/1176,2058323663,S,0,R,GPU,NA,NA
https://github.com/cemu-project/Cemu/issues/1176|2357418781|0,https://github.com/cemu-project/Cemu/issues/1176,2357418781,S,0,R,GPU,NA,NA
https://github.com/Bumblebee-Project/Bumblebee/issues/1078|1336517894|0,https://github.com/Bumblebee-Project/Bumblebee/issues/1078,1336517894,S,0,O,KERNEL,NA,NA
https://github.com/RVCK-Project/rvck/issues/209|-|0,https://github.com/RVCK-Project/rvck/issues/209,-,S,0,R,KERNEL,KER,"R5,RK"
https://github.com/RVCK-Project/rvck/issues/209|-|1,https://github.com/RVCK-Project/rvck/issues/209,-,S,1,R,KERNEL,KER,R4
https://github.com/multipath-tcp/mptcp_net-next/issues/583|-|0,https://github.com/multipath-tcp/mptcp_net-next/issues/583,-,Q,0,R,KERNEL,KER,T1
https://github.com/multipath-tcp/mptcp_net-next/issues/583|3275731344|0,https://github.com/multipath-tcp/mptcp_net-next/issues/583,3275731344,S,0,O,KERNEL,KER,NA
https://github.com/multipath-tcp/mptcp_net-next/issues/583|3275739972|0,https://github.com/multipath-tcp/mptcp_net-next/issues/583,3275739972,Q,0,R,KERNEL,KER,NA
https://github.com/multipath-tcp/mptcp_net-next/issues/583|3275909391|0,https://github.com/multipath-tcp/mptcp_net-next/issues/583,3275909391,S,0,O,KERNEL,KER,NA
https://github.com/abrt/abrt/issues/578|-|0,https://github.com/abrt/abrt/issues/578,-,S,0,R,KERNEL,KER,R5
https://github.com/RVCK-Project/rvck/issues/208|-|0,https://github.com/RVCK-Project/rvck/issues/208,-,S,0,R,KERNEL,KER,RK
https://github.com/teemtee/tmt/issues/3245|-|0,https://github.com/teemtee/tmt/issues/3245,-,S,0,R,KERNEL,KER,R5
https://github.com/teemtee/tmt/issues/3245|-|1,https://github.com/teemtee/tmt/issues/3245,-,S,1,R,KERNEL,KER,R5
https://github.com/teemtee/tmt/issues/3245|-|2,https://github.com/teemtee/tmt/issues/3245,-,S,2,R,KERNEL,KER,R5
https://github.com/teemtee/tmt/issues/3245|-|3,https://github.com/teemtee/tmt/issues/3245,-,S,3,R,KERNEL,KER,R5
https://github.com/teemtee/tmt/issues/3245|2377598286|0,https://github.com/teemtee/tmt/issues/3245,2377598286,S,0,O,KERNEL,KER,R5
https://github.com/teemtee/tmt/issues/3245|2393041210|0,https://github.com/teemtee/tmt/issues/3245,2393041210,S,0,M,KERNEL,KER,NA
https://github.com/teemtee/tmt/issues/3245|2393041210|1,https://github.com/teemtee/tmt/issues/3245,2393041210,S,1,M,KERNEL,KER,R5
https://github.com/teemtee/tmt/issues/3245|2450826543|0,https://github.com/teemtee/tmt/issues/3245,2450826543,S,0,R,KERNEL,KER,R5
https://github.com/teemtee/tmt/issues/3245|2450826543|1,https://github.com/teemtee/tmt/issues/3245,2450826543,S,1,R,KERNEL,KER,R5
https://github.com/teemtee/tmt/issues/3245|2450826543|2,https://github.com/teemtee/tmt/issues/3245,2450826543,S,2,R,KERNEL,KER,R5
https://github.com/teemtee/tmt/issues/3245|2452135293|0,https://github.com/teemtee/tmt/issues/3245,2452135293,S,0,R,KERNEL,KER,"R5,V1"
https://github.com/teemtee/tmt/issues/3245|2452135293|1,https://github.com/teemtee/tmt/issues/3245,2452135293,S,1,R,KERNEL,KER,"V1,R2"
https://github.com/teemtee/tmt/issues/3245|2452135293|2,https://github.com/teemtee/tmt/issues/3245,2452135293,S,2,R,KERNEL,KER,"V1,R5"
https://github.com/teemtee/tmt/issues/3245|2452135293|3,https://github.com/teemtee/tmt/issues/3245,2452135293,S,3,R,KERNEL,KER,V1
https://github.com/teemtee/tmt/issues/3245|2479603630|0,https://github.com/teemtee/tmt/issues/3245,2479603630,S,0,O,KERNEL,KER,"R5,V1"
https://github.com/teemtee/tmt/issues/3245|2479603630|1,https://github.com/teemtee/tmt/issues/3245,2479603630,S,1,O,KERNEL,KER,R4
https://github.com/teemtee/tmt/issues/3245|2479603630|2,https://github.com/teemtee/tmt/issues/3245,2479603630,S,2,O,KERNEL,KER,NA
https://github.com/eclipse-threadx/threadx/issues/764|-|0,https://github.com/eclipse-threadx/threadx/issues/764,-,S,0,R,POOL,POOL,NA
https://github.com/eclipse-threadx/threadx/issues/764|-|1,https://github.com/eclipse-threadx/threadx/issues/764,-,S,1,R,POOL,POOL,R5
https://github.com/freeunitorg/freeunit/issues/343|-|0,https://github.com/freeunitorg/freeunit/issues/343,-,S,0,R,POOL,POOL,"RK,C1"
https://github.com/freeunitorg/freeunit/issues/343|-|1,https://github.com/freeunitorg/freeunit/issues/343,-,S,1,R,POOL,POOL,NA
https://github.com/freeunitorg/freeunit/issues/343|-|2,https://github.com/freeunitorg/freeunit/issues/343,-,S,2,R,POOL,POOL,"N3,L2"
https://github.com/freeunitorg/freeunit/issues/343|-|3,https://github.com/freeunitorg/freeunit/issues/343,-,S,3,R,POOL,POOL,O2
https://github.com/nginx/njs/issues/1099|-|0,https://github.com/nginx/njs/issues/1099,-,S,0,R,POOL,POOL,C1
https://github.com/nginx/njs/issues/1099|-|1,https://github.com/nginx/njs/issues/1099,-,S,1,R,POOL,POOL,"RK,C1"
https://github.com/nginx/njs/issues/1099|-|2,https://github.com/nginx/njs/issues/1099,-,S,2,R,POOL,POOL,L2
https://github.com/nginx/njs/issues/1099|-|3,https://github.com/nginx/njs/issues/1099,-,S,3,R,POOL,POOL,L3
https://github.com/krakjoe/pthreads/issues/875|-|0,https://github.com/krakjoe/pthreads/issues/875,-,S,0,R,POOL,POOL,NA
https://github.com/krakjoe/pthreads/issues/875|-|1,https://github.com/krakjoe/pthreads/issues/875,-,Q,1,R,POOL,POOL,NA
https://github.com/krakjoe/pthreads/issues/875|462940881|0,https://github.com/krakjoe/pthreads/issues/875,462940881,Q,0,O,POOL,POOL,V1
https://github.com/krakjoe/pthreads/issues/875|462988671|0,https://github.com/krakjoe/pthreads/issues/875,462988671,S,0,R,POOL,POOL,R3
https://github.com/krakjoe/pthreads/issues/875|463484937|0,https://github.com/krakjoe/pthreads/issues/875,463484937,S,0,O,POOL,POOL,V1
https://github.com/krakjoe/pthreads/issues/875|463484937|1,https://github.com/krakjoe/pthreads/issues/875,463484937,S,1,O,POOL,POOL,"V1,R6"
https://github.com/krakjoe/pthreads/issues/875|463484937|2,https://github.com/krakjoe/pthreads/issues/875,463484937,S,2,O,POOL,POOL,"RK,D1"
https://github.com/krakjoe/pthreads/issues/875|463484937|3,https://github.com/krakjoe/pthreads/issues/875,463484937,S,3,O,POOL,POOL,"RK,D1"
https://github.com/krakjoe/pthreads/issues/875|463485826|0,https://github.com/krakjoe/pthreads/issues/875,463485826,S,0,O,POOL,POOL,NA
https://github.com/krakjoe/pthreads/issues/875|463485826|1,https://github.com/krakjoe/pthreads/issues/875,463485826,S,1,O,POOL,POOL,NA
https://github.com/krakjoe/pthreads/issues/875|463485826|2,https://github.com/krakjoe/pthreads/issues/875,463485826,Q,2,O,POOL,POOL,NA
https://github.com/zfogg/ascii-chat/issues/35|-|0,https://github.com/zfogg/ascii-chat/issues/35,-,S,0,R,POOL,POOL,NA
https://github.com/signalwire/freeswitch/issues/2533|-|0,https://github.com/signalwire/freeswitch/issues/2533,-,S,0,R,POOL,POOL,NA
https://github.com/signalwire/freeswitch/issues/2533|-|1,https://github.com/signalwire/freeswitch/issues/2533,-,S,1,R,POOL,POOL,D1
https://github.com/signalwire/freeswitch/issues/2533|-|2,https://github.com/signalwire/freeswitch/issues/2533,-,S,2,R,POOL,POOL,"C1,D1"
https://github.com/signalwire/freeswitch/issues/3132|-|0,https://github.com/signalwire/freeswitch/issues/3132,-,S,0,R,POOL,POOL,"L3,L2"
https://github.com/signalwire/freeswitch/issues/3132|-|1,https://github.com/signalwire/freeswitch/issues/3132,-,S,1,R,POOL,POOL,L3
https://github.com/signalwire/freeswitch/issues/3132|-|2,https://github.com/signalwire/freeswitch/issues/3132,-,S,2,R,POOL,POOL,NA
https://github.com/signalwire/freeswitch/issues/3132|-|3,https://github.com/signalwire/freeswitch/issues/3132,-,S,3,R,POOL,POOL,L3
https://github.com/signalwire/freeswitch/issues/3132|5468087223|0,https://github.com/signalwire/freeswitch/issues/3132,5468087223,S,0,O,POOL,POOL,L2
https://github.com/signalwire/freeswitch/issues/3132|5468087223|1,https://github.com/signalwire/freeswitch/issues/3132,5468087223,S,1,O,POOL,POOL,NA
https://github.com/DLTcollab/dcurl/issues/20|-|0,https://github.com/DLTcollab/dcurl/issues/20,-,S,0,R,POOL,POOL,NA
https://github.com/DLTcollab/dcurl/issues/20|-|1,https://github.com/DLTcollab/dcurl/issues/20,-,S,1,R,POOL,POOL,NA
https://github.com/DLTcollab/dcurl/issues/20|374192776|0,https://github.com/DLTcollab/dcurl/issues/20,374192776,S,0,R,POOL,POOL,NA
https://github.com/DLTcollab/dcurl/issues/20|374329352|0,https://github.com/DLTcollab/dcurl/issues/20,374329352,S,0,M,POOL,POOL,NA
https://github.com/DLTcollab/dcurl/issues/20|411097910|0,https://github.com/DLTcollab/dcurl/issues/20,411097910,S,0,M,POOL,POOL,NA
https://github.com/DLTcollab/dcurl/issues/20|429183099|0,https://github.com/DLTcollab/dcurl/issues/20,429183099,S,0,M,POOL,POOL,R5
https://github.com/DLTcollab/dcurl/issues/20|429183099|1,https://github.com/DLTcollab/dcurl/issues/20,429183099,S,1,M,POOL,POOL,NA
https://github.com/DLTcollab/dcurl/issues/20|429183099|2,https://github.com/DLTcollab/dcurl/issues/20,429183099,S,2,M,POOL,POOL,NA
https://github.com/DLTcollab/dcurl/issues/20|429551816|0,https://github.com/DLTcollab/dcurl/issues/20,429551816,Q,0,R,POOL,POOL,NA
https://github.com/DLTcollab/dcurl/issues/20|429697557|0,https://github.com/DLTcollab/dcurl/issues/20,429697557,S,0,M,POOL,POOL,NA
https://github.com/DLTcollab/dcurl/issues/20|431746020|0,https://github.com/DLTcollab/dcurl/issues/20,431746020,S,0,M,POOL,POOL,NA
https://github.com/DLTcollab/dcurl/issues/20|432877906|0,https://github.com/DLTcollab/dcurl/issues/20,432877906,S,0,M,POOL,POOL,NA
https://github.com/universal-ctags/ctags/issues/90|-|0,https://github.com/universal-ctags/ctags/issues/90,-,S,0,R,POOL,POOL,C1
https://github.com/universal-ctags/ctags/issues/90|-|1,https://github.com/universal-ctags/ctags/issues/90,-,S,1,R,POOL,POOL,NA
https://github.com/universal-ctags/ctags/issues/90|-|2,https://github.com/universal-ctags/ctags/issues/90,-,S,2,R,POOL,POOL,NA
https://github.com/universal-ctags/ctags/issues/90|59396384|0,https://github.com/universal-ctags/ctags/issues/90,59396384,S,0,R,POOL,POOL,R3
https://github.com/universal-ctags/ctags/issues/90|59396384|1,https://github.com/universal-ctags/ctags/issues/90,59396384,Q,1,R,POOL,POOL,C1
https://github.com/universal-ctags/ctags/issues/90|60100279|0,https://github.com/universal-ctags/ctags/issues/90,60100279,S,0,M,POOL,POOL,L2
https://github.com/universal-ctags/ctags/issues/90|60104457|0,https://github.com/universal-ctags/ctags/issues/90,60104457,S,0,M,POOL,POOL,NA
https://github.com/universal-ctags/ctags/issues/90|60104457|1,https://github.com/universal-ctags/ctags/issues/90,60104457,S,1,M,POOL,POOL,NA
https://github.com/universal-ctags/ctags/issues/90|60190187|0,https://github.com/universal-ctags/ctags/issues/90,60190187,S,0,M,POOL,POOL,NA
https://github.com/universal-ctags/ctags/issues/90|60190187|1,https://github.com/universal-ctags/ctags/issues/90,60190187,S,1,M,POOL,POOL,NA
https://github.com/universal-ctags/ctags/issues/90|60190187|2,https://github.com/universal-ctags/ctags/issues/90,60190187,S,2,M,POOL,POOL,L2
https://github.com/universal-ctags/ctags/issues/90|60389568|0,https://github.com/universal-ctags/ctags/issues/90,60389568,Q,0,M,POOL,POOL,D1
https://github.com/universal-ctags/ctags/issues/90|60389568|1,https://github.com/universal-ctags/ctags/issues/90,60389568,S,1,M,POOL,POOL,NA
https://github.com/universal-ctags/ctags/issues/90|60392104|0,https://github.com/universal-ctags/ctags/issues/90,60392104,S,0,R,POOL,POOL,NA
https://github.com/universal-ctags/ctags/issues/90|60392104|1,https://github.com/universal-ctags/ctags/issues/90,60392104,S,1,R,POOL,POOL,NA
https://github.com/GUI/nginx-upstream-dynamic-servers/issues/39|-|0,https://github.com/GUI/nginx-upstream-dynamic-servers/issues/39,-,S,0,R,POOL,POOL,L3
https://github.com/GUI/nginx-upstream-dynamic-servers/issues/39|-|1,https://github.com/GUI/nginx-upstream-dynamic-servers/issues/39,-,S,1,R,POOL,POOL,L2
https://github.com/GUI/nginx-upstream-dynamic-servers/issues/39|-|2,https://github.com/GUI/nginx-upstream-dynamic-servers/issues/39,-,S,2,R,POOL,POOL,NA
https://github.com/GUI/nginx-upstream-dynamic-servers/issues/39|-|3,https://github.com/GUI/nginx-upstream-dynamic-servers/issues/39,-,S,3,R,POOL,POOL,D4
https://github.com/libsndfile/libsndfile/issues/1169|-|0,https://github.com/libsndfile/libsndfile/issues/1169,-,S,0,R,UNINIT,INFO,NA
https://github.com/libsndfile/libsndfile/issues/1169|-|1,https://github.com/libsndfile/libsndfile/issues/1169,-,S,1,R,UNINIT,INFO,A1
https://github.com/libsndfile/libsndfile/issues/1169|-|2,https://github.com/libsndfile/libsndfile/issues/1169,-,S,2,R,UNINIT,INFO,NA
https://github.com/libsndfile/libsndfile/issues/1169|-|3,https://github.com/libsndfile/libsndfile/issues/1169,-,S,3,R,UNINIT,INFO,NA
https://github.com/madolson/valkey-agents/issues/29|-|0,https://github.com/madolson/valkey-agents/issues/29,-,S,0,R,UNINIT,UNI,NA
https://github.com/madolson/valkey-agents/issues/29|-|1,https://github.com/madolson/valkey-agents/issues/29,-,S,1,R,UNINIT,UNI,NA
https://github.com/madolson/valkey-agents/issues/29|-|2,https://github.com/madolson/valkey-agents/issues/29,-,S,2,R,UNINIT,UNI,NA
https://github.com/madolson/valkey-agents/issues/29|-|3,https://github.com/madolson/valkey-agents/issues/29,-,S,3,R,UNINIT,UNI,R3
https://github.com/madolson/valkey-agents/issues/29|5779871031|0,https://github.com/madolson/valkey-agents/issues/29,5779871031,S,0,O,UNINIT,UNI,R2
https://github.com/documentdb/documentdb/issues/369|-|0,https://github.com/documentdb/documentdb/issues/369,-,S,0,R,UNINIT,UNI,R2
https://github.com/documentdb/documentdb/issues/369|4340035973|0,https://github.com/documentdb/documentdb/issues/369,4340035973,S,0,O,UNINIT,UNI,R2
https://github.com/OpenVisualCloud/SVT-VP9/issues/122|-|0,https://github.com/OpenVisualCloud/SVT-VP9/issues/122,-,S,0,R,UNINIT,UNI,R4
https://github.com/Kray-G/kinx/issues/159|766085612|0,https://github.com/Kray-G/kinx/issues/159,766085612,S,0,M,UNINIT,UNI,R2
https://github.com/Kray-G/kinx/issues/159|766085612|1,https://github.com/Kray-G/kinx/issues/159,766085612,S,1,M,UNINIT,UNI,R5
https://github.com/Kray-G/kinx/issues/159|766803303|0,https://github.com/Kray-G/kinx/issues/159,766803303,S,0,M,UNINIT,UNI,NA
https://github.com/Kray-G/kinx/issues/159|800213542|0,https://github.com/Kray-G/kinx/issues/159,800213542,S,0,M,UNINIT,UNI,NA
https://github.com/rizinorg/rizin/issues/5509|3507474751|0,https://github.com/rizinorg/rizin/issues/5509,3507474751,S,0,R,UNINIT,UNI,R5
https://github.com/awmc000/readability/issues/1|-|0,https://github.com/awmc000/readability/issues/1,-,S,0,R,UNINIT,UNI,NA
https://github.com/awmc000/readability/issues/1|-|1,https://github.com/awmc000/readability/issues/1,-,S,1,R,UNINIT,UNI,NA
https://github.com/awmc000/readability/issues/1|-|2,https://github.com/awmc000/readability/issues/1,-,S,2,R,UNINIT,UNI,R2
https://github.com/awmc000/readability/issues/1|-|3,https://github.com/awmc000/readability/issues/1,-,S,3,R,UNINIT,UNI,NA
https://github.com/awmc000/readability/issues/1|1693628690|0,https://github.com/awmc000/readability/issues/1,1693628690,S,0,R,UNINIT,UNI,N1
https://github.com/awmc000/readability/issues/1|1693760369|0,https://github.com/awmc000/readability/issues/1,1693760369,S,0,R,UNINIT,UNI,NA
https://github.com/awmc000/readability/issues/1|1693760369|1,https://github.com/awmc000/readability/issues/1,1693760369,S,1,R,UNINIT,UNI,R2
