pass,question_id,status,body_sha1_cached,body_sha1_fresh,answers_cached,answers_fresh,comments_cached,comments_fresh,edited_posts,new_answers,new_comments,fetched_utc
main,47362651,ok,22ee9e2dec16,22ee9e2dec16,1,1,3,3,0,0,0,2026-10-07T04:14Z
main,25988153,ok,eb91a1794fe4,eb91a1794fe4,2,2,8,8,0,0,0,2026-10-07T04:14Z
main,38416318,ok,73d62b6b9f58,73d62b6b9f58,0,0,4,4,0,0,0,2026-10-07T04:14Z
main,31061326,ok,5ae1acd499ee,5ae1acd499ee,1,1,3,3,0,0,0,2026-10-07T04:14Z
main,31622764,ok,fb33b28224a4,fb33b28224a4,2,2,1,1,0,0,0,2026-10-07T04:14Z
main,51875536,ok,a3c4cce387ec,a3c4cce387ec,1,1,4,4,0,0,0,2026-10-07T04:14Z
main,49394746,ok,30040017e9e4,30040017e9e4,1,1,13,13,0,0,0,2026-10-07T04:14Z
main,10332561,ok,9f8b58866275,9f8b58866275,3,3,7,7,0,0,0,2026-10-07T04:14Z
main,56057004,ok,88552902696b,88552902696b,0,0,7,7,0,0,0,2026-10-07T04:14Z
main,33178242,ok,216a824000bb,216a824000bb,1,1,2,2,0,0,0,2026-10-07T04:14Z
main,19390136,ok,a3cb0d6b5161,a3cb0d6b5161,3,3,13,13,0,0,0,2026-10-07T04:14Z
main,26284110,ok,7ade6deafb04,7ade6deafb04,4,4,12,12,0,0,0,2026-10-07T04:14Z
main,8657337,ok,e086d61fc041,e086d61fc041,1,1,4,4,0,0,0,2026-10-07T04:14Z
main,34573039,ok,21b702f5da4d,21b702f5da4d,1,1,7,7,0,0,0,2026-10-07T04:14Z
main,5226691,ok,0c1692d85f32,0c1692d85f32,2,2,2,2,0,0,0,2026-10-07T04:14Z
main,7886176,ok,765aad5617f1,765aad5617f1,2,2,11,11,0,0,0,2026-10-07T04:14Z
main,11738938,ok,9ab483f56f89,9ab483f56f89,3,3,4,4,0,0,0,2026-10-07T04:14Z
main,12084404,ok,255a7b7d62db,255a7b7d62db,1,1,7,7,0,0,0,2026-10-07T04:14Z
main,14025613,ok,149e4f24cdc4,149e4f24cdc4,1,1,8,8,0,0,0,2026-10-07T04:14Z
main,45270093,ok,5ec893fe7331,5ec893fe7331,2,2,4,4,0,0,0,2026-10-07T04:14Z
main,43869559,ok,9ddce444012c,9ddce444012c,0,0,7,7,0,0,0,2026-10-07T04:14Z
main,22670130,ok,f46a51388656,f46a51388656,2,2,6,6,0,0,0,2026-10-07T04:14Z
main,66364507,ok,ec7a626c40ff,ec7a626c40ff,2,2,16,16,0,0,0,2026-10-07T04:14Z
main,60676833,ok,6fbe7fdc04a8,6fbe7fdc04a8,1,1,1,1,0,0,0,2026-10-07T04:14Z
main,4833747,ok,04441e36cf2e,04441e36cf2e,4,4,2,2,0,0,0,2026-10-07T04:14Z
main,17357035,ok,60ae8467c058,60ae8467c058,1,1,8,8,0,0,0,2026-10-07T04:14Z
main,24201561,ok,54c2dece5066,54c2dece5066,1,1,4,4,0,0,0,2026-10-07T04:14Z
main,34841678,ok,1a9db3b5e760,1a9db3b5e760,0,0,3,3,0,0,0,2026-10-07T04:14Z
main,14952637,ok,d072bb2c9274,d072bb2c9274,3,3,6,6,0,0,0,2026-10-07T04:14Z
main,10750299,ok,f52a78a86b38,f52a78a86b38,3,3,2,2,0,0,0,2026-10-07T04:14Z
main,30376601,ok,3e948ef1504e,3e948ef1504e,4,4,16,16,0,0,0,2026-10-07T04:14Z
main,66068134,ok,71ca00d8afea,71ca00d8afea,3,3,12,12,0,0,0,2026-10-07T04:14Z
main,1997171,ok,cdafa12c5a5e,cdafa12c5a5e,5,5,7,7,0,0,0,2026-10-07T04:14Z
main,15831029,ok,4deb7bce33eb,4deb7bce33eb,2,2,20,20,0,0,0,2026-10-07T04:14Z
main,13490718,ok,70fabc0f2b7a,70fabc0f2b7a,3,3,6,6,0,0,0,2026-10-07T04:14Z
main,6973489,ok,26aeb0cf2850,26aeb0cf2850,1,1,3,3,0,0,0,2026-10-07T04:14Z
main,14073483,ok,095c812182ea,095c812182ea,2,2,9,9,0,0,0,2026-10-07T04:14Z
main,45538993,ok,4f06134b38f4,4f06134b38f4,1,1,4,4,0,0,0,2026-10-07T04:14Z
main,31091276,ok,5d54fd1fae01,5d54fd1fae01,1,1,10,10,0,0,0,2026-10-07T04:14Z
main,53486637,ok,290764779237,290764779237,1,1,5,5,0,0,0,2026-10-07T04:14Z
main,42028271,ok,1c63961c75fc,1c63961c75fc,3,3,5,5,0,0,0,2026-10-07T04:14Z
main,8708758,ok,0c309f65dbc8,0c309f65dbc8,2,2,13,13,0,0,0,2026-10-07T04:14Z
main,79549625,ok,7b452cbd2626,7b452cbd2626,2,2,2,2,0,0,0,2026-10-07T04:14Z
main,65280097,ok,44233aab0690,44233aab0690,0,0,7,7,0,0,0,2026-10-07T04:14Z
main,69227316,ok,e040005d09ba,e040005d09ba,0,0,12,12,0,0,0,2026-10-07T04:14Z
main,68013661,ok,a40e60b278fc,a40e60b278fc,1,1,4,4,0,0,0,2026-10-07T04:14Z
main,69532644,ok,2f7c70db2e51,2f7c70db2e51,1,1,6,6,0,0,0,2026-10-07T04:14Z
main,69521611,ok,fa150fd729cd,fa150fd729cd,1,1,14,14,0,0,0,2026-10-07T04:14Z
main,78170333,ok,1a4ca62c5fdd,1a4ca62c5fdd,1,1,2,2,0,0,0,2026-10-07T04:14Z
main,66645743,ok,82ed349317f2,82ed349317f2,1,1,2,2,0,0,0,2026-10-07T04:14Z
main,41547762,ok,5904d92167d4,5904d92167d4,2,2,4,4,0,0,0,2026-10-07T04:14Z
main,51553115,ok,5d06850b3022,5d06850b3022,1,1,3,3,0,0,0,2026-10-07T04:14Z
main,76031197,ok,06f34c9ffd60,06f34c9ffd60,1,1,1,1,0,0,0,2026-10-07T04:14Z
main,61320241,ok,99f338e1fda0,99f338e1fda0,2,2,2,2,0,0,0,2026-10-07T04:14Z
main,31273016,ok,0c676a7532cf,0c676a7532cf,2,2,2,2,0,0,0,2026-10-07T04:14Z
main,73797568,ok,ebddf87fc406,ebddf87fc406,2,2,10,10,0,0,0,2026-10-07T04:14Z
main,64405126,ok,6da69f52dab3,6da69f52dab3,1,1,2,2,0,0,0,2026-10-07T04:14Z
main,79998945,ok,695026e9f32b,695026e9f32b,0,0,6,6,0,0,0,2026-10-07T04:14Z
main,79941820,ok,633144da945c,633144da945c,1,1,4,4,0,0,0,2026-10-07T04:14Z
main,79350384,ok,93d2c5e47142,93d2c5e47142,1,1,4,4,0,0,0,2026-10-07T04:14Z
main,66075705,ok,2f24dd0561af,2f24dd0561af,1,1,6,6,0,0,0,2026-10-07T04:14Z
main,58500146,ok,43706b8129e9,43706b8129e9,1,1,0,0,0,0,0,2026-10-07T04:14Z
main,73563370,ok,1c5b2dd58ff7,1c5b2dd58ff7,1,1,9,9,0,0,0,2026-10-07T04:14Z
main,53404321,ok,c4a878132503,c4a878132503,1,1,7,7,0,0,0,2026-10-07T04:14Z
main,55398804,ok,2674a82a27c0,2674a82a27c0,1,1,4,4,0,0,0,2026-10-07T04:14Z
main,76108611,ok,a93916f79533,a93916f79533,3,3,22,22,0,0,0,2026-10-07T04:14Z
main,49536956,ok,9edf607f6ead,9edf607f6ead,0,0,4,4,0,0,0,2026-10-07T04:14Z
main,28475194,ok,c4a1b8dd7991,c4a1b8dd7991,0,0,0,0,0,0,0,2026-10-07T04:14Z
main,70678060,ok,01f78a3631c4,01f78a3631c4,0,0,0,0,0,0,0,2026-10-07T04:14Z
main,30374655,ok,044c9caf84fc,044c9caf84fc,1,1,1,1,0,0,0,2026-10-07T04:14Z
main,59306779,ok,937bace71554,937bace71554,1,1,6,6,0,0,0,2026-10-07T04:14Z
main,57749945,ok,dea4fdbb5397,dea4fdbb5397,1,1,5,5,0,0,0,2026-10-07T04:14Z
main,66406763,ok,bad044b70dce,bad044b70dce,0,0,3,3,0,0,0,2026-10-07T04:14Z
main,75716112,ok,b18277025cb2,b18277025cb2,1,1,4,4,0,0,0,2026-10-07T04:14Z
main,46575977,ok,828be9d98a89,828be9d98a89,1,1,3,3,0,0,0,2026-10-07T04:14Z
main,44627258,ok,ce753612a288,ce753612a288,2,2,1,1,0,0,0,2026-10-07T04:14Z
main,20401823,ok,26399cba0cbe,26399cba0cbe,1,1,4,4,0,0,0,2026-10-07T04:14Z
main,52479755,ok,3dab68dd644e,3dab68dd644e,2,2,15,15,0,0,0,2026-10-07T04:14Z
main,28915036,ok,1b70fc0c98fb,1b70fc0c98fb,2,2,9,9,0,0,0,2026-10-07T04:14Z
main,54056875,ok,5ed5b103c2e1,5ed5b103c2e1,3,3,25,25,0,0,0,2026-10-07T04:14Z
main,58189961,ok,0ae7002753a0,0ae7002753a0,1,1,8,8,0,0,0,2026-10-07T04:14Z
main,5339282,ok,00a71885bf41,00a71885bf41,4,4,21,21,0,0,0,2026-10-07T04:14Z
main,46695254,ok,fb1149a269be,fb1149a269be,3,3,28,28,0,0,0,2026-10-07T04:14Z
main,27589846,ok,fa33b82b351d,fa33b82b351d,2,2,0,0,0,0,0,2026-10-07T04:14Z
main,67227329,ok,911a8a05874c,911a8a05874c,1,1,9,9,0,0,0,2026-10-07T04:14Z
main,4548385,ok,dc5145ae8246,dc5145ae8246,4,4,12,12,0,0,0,2026-10-07T04:14Z
main,7078019,ok,f5c5c2da0a01,f5c5c2da0a01,5,5,18,18,0,0,0,2026-10-07T04:14Z
main,20297524,ok,d9c55c647a90,d9c55c647a90,3,3,18,18,0,0,0,2026-10-07T04:14Z
main,13546650,ok,075f525e0cfc,075f525e0cfc,2,2,6,6,0,0,0,2026-10-07T04:14Z
main,3317207,ok,3db2edffdc74,3db2edffdc74,7,7,5,5,0,0,0,2026-10-07T04:14Z
main,17071460,ok,b3ece5503c54,b3ece5503c54,6,6,12,12,0,0,0,2026-10-07T04:14Z
main,40975450,ok,0f978d684280,0f978d684280,1,1,24,24,0,0,0,2026-10-07T04:14Z
main,1611756,ok,c16997d2ab04,c16997d2ab04,6,6,17,17,0,0,0,2026-10-07T04:14Z
main,32953397,ok,b1da0102630d,b1da0102630d,3,3,10,10,0,0,0,2026-10-07T04:14Z
main,36815937,ok,fa9e98efe7fa,fa9e98efe7fa,2,2,5,5,0,0,0,2026-10-07T04:14Z
main,21000218,ok,b08b02f12c20,b08b02f12c20,4,4,4,4,0,0,0,2026-10-07T04:14Z
main,69622142,ok,33368b5c2b81,33368b5c2b81,3,3,12,12,0,0,0,2026-10-07T04:14Z
main,5873029,ok,ff58fc0afa22,ff58fc0afa22,5,5,8,8,0,0,0,2026-10-07T04:14Z
main,63930204,ok,0b421a0b033e,0b421a0b033e,2,2,14,14,0,0,0,2026-10-07T04:14Z
main,29132197,ok,1abaef3c543a,1abaef3c543a,1,1,13,13,0,0,0,2026-10-07T04:14Z
main,24865899,ok,03deac3e0373,03deac3e0373,1,1,5,5,0,0,0,2026-10-07T04:14Z
main,19826688,ok,a6c2a1f5aa48,a6c2a1f5aa48,3,3,7,7,0,0,0,2026-10-07T04:14Z
main,25962716,ok,3d741d3fb254,3d741d3fb254,2,2,5,5,0,0,0,2026-10-07T04:14Z
main,5776218,ok,0802a16d8845,0802a16d8845,0,0,0,0,0,0,0,2026-10-07T04:14Z
main,4094996,ok,ff61ea814fb7,ff61ea814fb7,3,3,0,0,0,0,0,2026-10-07T04:14Z
main,21889240,ok,01155e3bd0cd,01155e3bd0cd,1,1,9,9,0,0,0,2026-10-07T04:14Z
main,20067830,ok,140398198c5a,140398198c5a,4,4,7,7,0,0,0,2026-10-07T04:14Z
main,34933628,ok,ff02e45d430f,ff02e45d430f,1,1,4,4,0,0,0,2026-10-07T04:14Z
main,54340326,ok,943fbb9da747,943fbb9da747,2,2,0,0,0,0,0,2026-10-07T04:14Z
main,17804312,ok,d004aaa21f96,d004aaa21f96,1,1,8,8,0,0,0,2026-10-07T04:14Z
main,5776206,ok,187f20dcb73a,187f20dcb73a,3,3,3,3,0,0,0,2026-10-07T04:14Z
main,6783939,ok,7871de7fb000,7871de7fb000,5,5,7,7,0,0,0,2026-10-07T04:14Z
main,500656,ok,44310184d3b8,44310184d3b8,7,7,9,9,0,0,0,2026-10-07T04:14Z
main,19331396,ok,39d5a58ab512,39d5a58ab512,2,2,4,4,0,0,0,2026-10-07T04:14Z
main,40991687,ok,10115d8ba9ff,10115d8ba9ff,3,3,8,8,0,0,0,2026-10-07T04:14Z
main,18478354,ok,dd75b776185e,dd75b776185e,2,2,8,8,0,0,0,2026-10-07T04:14Z
main,18138509,ok,e871e96a23d2,e871e96a23d2,5,5,18,18,0,0,0,2026-10-07T04:14Z
main,13847953,ok,b132ca6e78e0,b132ca6e78e0,2,2,5,5,0,0,0,2026-10-07T04:14Z
main,1089296,ok,fd3fa227a191,fd3fa227a191,5,5,5,5,0,0,0,2026-10-07T04:14Z
main,43915004,ok,668926f67c1b,668926f67c1b,2,2,3,3,0,0,0,2026-10-07T04:14Z
main,273209,ok,6ddd12217368,6ddd12217368,49,49,109,109,0,0,0,2026-10-07T04:14Z
main,5134891,ok,0ed4905a7050,0ed4905a7050,4,4,19,19,0,0,0,2026-10-07T04:14Z
main,13132798,ok,b22f3d892801,b22f3d892801,8,8,4,4,0,0,0,2026-10-07T04:14Z
main,17642433,ok,11be1dc70f98,11be1dc70f98,5,5,5,5,0,0,0,2026-10-07T04:14Z
main,3261883,ok,57dd817ca8b8,57dd817ca8b8,1,1,7,7,0,0,0,2026-10-07T04:14Z
main,45000938,ok,e5b4c61a37d3,e5b4c61a37d3,1,1,9,9,0,0,0,2026-10-07T04:14Z
main,37042076,ok,7f13ba6214e3,7f13ba6214e3,1,1,19,19,0,0,0,2026-10-07T04:14Z
main,11963940,ok,00ea462fca99,00ea462fca99,2,2,7,7,0,0,0,2026-10-07T04:14Z
main,6503661,ok,8644e2ccbaa1,8644e2ccbaa1,1,1,3,3,0,0,0,2026-10-07T04:14Z
main,28040438,ok,8a8771b3f849,8a8771b3f849,4,4,2,2,0,0,0,2026-10-07T04:14Z
main,654754,ok,bb1fbb8a70b7,bb1fbb8a70b7,20,20,90,90,0,0,0,2026-10-07T04:14Z
main,3840582,ok,10fb25fcbc53,10fb25fcbc53,3,3,16,16,0,0,0,2026-10-07T04:14Z
main,3536153,ok,024dd1789b2f,024dd1789b2f,11,11,62,62,0,0,0,2026-10-07T04:14Z
main,12825148,ok,f4135b851b17,f4135b851b17,5,5,12,12,0,0,0,2026-10-07T04:14Z
main,45627,ok,2267ceb22ff6,2267ceb22ff6,29,29,36,36,0,0,0,2026-10-07T04:14Z
main,15467298,ok,42a5b71baf3c,42a5b71baf3c,9,9,44,44,0,0,0,2026-10-07T04:14Z
main,8175827,ok,34fead6aa8ef,34fead6aa8ef,4,4,14,14,0,0,0,2026-10-07T04:14Z
main,1008019,ok,841bac60f3bc,841bac60f3bc,24,24,141,141,0,0,0,2026-10-07T04:14Z
main,6261201,ok,7d4d3b88a4a2,7d4d3b88a4a2,20,20,34,34,0,0,0,2026-10-07T04:14Z
main,6500313,ok,3da88e5fd001,3da88e5fd001,19,19,84,84,0,0,0,2026-10-07T04:14Z
main,2975831,ok,f7cd11c47494,f7cd11c47494,6,6,13,13,0,0,0,2026-10-07T04:14Z
main,53413647,ok,6e4caf412a26,6e4caf412a26,0,0,4,4,0,0,0,2026-10-07T04:14Z
main,6804849,ok,c03ba1d227f0,c03ba1d227f0,3,3,6,6,0,0,0,2026-10-07T04:14Z
main,52262766,ok,464d55cfc59a,464d55cfc59a,2,2,9,9,0,0,0,2026-10-07T04:14Z
main,53372775,ok,01e3251941d0,01e3251941d0,3,3,3,3,0,0,0,2026-10-07T04:14Z
main,78490933,ok,70251c1e630b,70251c1e630b,1,1,12,12,0,0,0,2026-10-07T04:14Z
main,752658,ok,8ed2be143369,8ed2be143369,17,17,49,49,0,0,0,2026-10-07T04:14Z
main,655065,ok,0d68c721f5d0,0d68c721f5d0,12,12,13,13,0,0,0,2026-10-07T04:14Z
main,37514509,ok,4e54cc204631,4e54cc204631,2,2,13,13,0,0,0,2026-10-07T04:14Z
main,53870522,ok,b616b0dd17da,b616b0dd17da,6,6,28,28,0,0,0,2026-10-07T04:14Z
main,67068436,ok,9003677469ae,9003677469ae,0,0,4,4,0,0,0,2026-10-07T04:14Z
main,50502971,ok,1db5fc9d6a23,1db5fc9d6a23,1,1,6,6,0,0,0,2026-10-07T04:14Z
main,58926945,ok,4497cab7df59,4497cab7df59,1,1,4,4,0,0,0,2026-10-07T04:14Z
main,51702867,ok,b68b0bc0b122,b68b0bc0b122,0,0,13,13,0,0,0,2026-10-07T04:14Z
main,8366172,ok,aefd2e81f160,aefd2e81f160,2,2,1,1,0,0,0,2026-10-07T04:14Z
main,12434179,ok,e41874c2f549,e41874c2f549,1,1,0,0,0,0,0,2026-10-07T04:14Z
main,25737661,ok,aa93fdea4e1e,aa93fdea4e1e,0,0,5,5,0,0,0,2026-10-07T04:14Z
main,10078002,ok,5a9cb6c088eb,5a9cb6c088eb,3,3,1,1,0,0,0,2026-10-07T04:14Z
main,3844678,ok,952d59ac35f4,952d59ac35f4,6,6,9,9,0,0,0,2026-10-07T04:14Z
main,9033931,ok,1dd4fb6cef1a,1dd4fb6cef1a,10,10,29,29,0,0,0,2026-10-07T04:14Z
main,10223677,ok,481b1a08a83b,481b1a08a83b,5,5,8,8,0,0,0,2026-10-07T04:14Z
main,10079843,ok,439b26b7ba94,439b26b7ba94,3,3,7,7,0,0,0,2026-10-07T04:14Z
main,75603229,ok,8f33e0e53b6f,8f33e0e53b6f,1,1,0,0,0,0,0,2026-10-07T04:14Z
main,67345194,ok,3148c36f0f39,3148c36f0f39,1,1,7,7,0,0,0,2026-10-07T04:14Z
main,48198166,ok,a065e607d69b,a065e607d69b,2,2,11,11,0,0,0,2026-10-07T04:14Z
main,61446459,ok,5dc0c4b4b524,5dc0c4b4b524,1,1,17,17,0,0,0,2026-10-07T04:14Z
main,41553309,ok,8f72249524b7,8f72249524b7,2,2,0,0,0,0,0,2026-10-07T04:14Z
main,13151961,ok,6c87763c5371,6c87763c5371,1,1,2,2,0,0,0,2026-10-07T04:14Z
main,56809877,ok,7d4739965342,7d4739965342,2,2,12,12,0,0,0,2026-10-07T04:14Z
main,26431573,ok,195a6a14d10e,195a6a14d10e,1,1,4,4,0,0,0,2026-10-07T04:14Z
main,29076516,ok,bd49013b1d8e,bd49013b1d8e,2,2,35,35,0,0,0,2026-10-07T04:14Z
main,76377626,ok,1f1a216a11cf,1f1a216a11cf,1,1,2,2,0,0,0,2026-10-07T04:14Z
main,24986335,ok,5b07c735060d,5b07c735060d,3,3,0,0,0,0,0,2026-10-07T04:14Z
main,75885820,ok,948359197bc9,948359197bc9,2,2,4,4,0,0,0,2026-10-07T04:14Z
main,46486989,ok,165f1fdbc4c8,165f1fdbc4c8,0,0,5,5,0,0,0,2026-10-07T04:14Z
main,35420629,ok,13e65dbeafed,13e65dbeafed,1,1,8,8,0,0,0,2026-10-07T04:14Z
main,70407733,ok,0dcf9752e38e,0dcf9752e38e,1,1,15,15,0,0,0,2026-10-07T04:14Z
main,60872361,ok,337a462026c1,337a462026c1,1,1,7,7,0,0,0,2026-10-07T04:14Z
main,72085495,ok,4d39fbeb3bfe,4d39fbeb3bfe,3,3,8,8,0,0,0,2026-10-07T04:14Z
main,55083128,ok,044faf096183,044faf096183,1,1,9,9,0,0,0,2026-10-07T04:14Z
main,32808638,ok,c5711946004d,c5711946004d,3,3,3,3,0,0,0,2026-10-07T04:14Z
main,7025328,ok,38cc18b55b35,38cc18b55b35,5,5,2,2,0,0,0,2026-10-07T04:14Z
main,27594992,ok,9278e182f9d7,9278e182f9d7,2,2,20,20,0,0,0,2026-10-07T04:14Z
main,30308992,ok,1936718a41df,1936718a41df,1,1,4,4,0,0,0,2026-10-07T04:14Z
main,6972531,ok,731f41d0a301,731f41d0a301,1,1,4,4,0,0,0,2026-10-07T04:14Z
main,4952426,ok,37ed102e4908,37ed102e4908,4,4,5,5,0,0,0,2026-10-07T04:14Z
main,55957454,ok,dc1dbcf416fd,dc1dbcf416fd,2,2,20,20,0,0,0,2026-10-07T04:14Z
main,24280361,ok,60fd0149633a,60fd0149633a,2,2,12,12,0,0,0,2026-10-07T04:14Z
main,5011990,ok,2d0953a8f6bc,2d0953a8f6bc,5,5,25,25,0,0,0,2026-10-07T04:14Z
main,36063200,ok,db19c377153d,db19c377153d,1,1,3,3,0,0,0,2026-10-07T04:14Z
main,45256601,ok,ad4ebc393723,ad4ebc393723,1,1,16,16,0,0,0,2026-10-07T04:14Z
main,75497146,ok,34e0f08589a0,34e0f08589a0,1,1,3,3,0,0,0,2026-10-07T04:14Z
main,40926653,ok,0896645daf67,0896645daf67,1,1,1,1,0,0,0,2026-10-07T04:14Z
main,64597278,ok,5e246c610fb9,5e246c610fb9,0,0,4,4,0,0,0,2026-10-07T04:14Z
main,67174550,ok,a125f05a1bad,a125f05a1bad,1,1,2,2,0,0,0,2026-10-07T04:14Z
main,76025633,ok,fe127d6600b9,fe127d6600b9,1,1,1,1,0,0,0,2026-10-07T04:14Z
main,19951190,ok,7ffde48ab5b8,7ffde48ab5b8,2,2,6,6,0,0,0,2026-10-07T04:14Z
main,74792797,ok,71429d0b7210,71429d0b7210,1,1,5,5,0,0,0,2026-10-07T04:14Z
main,40458179,ok,94ad97a26787,94ad97a26787,4,4,9,9,0,0,0,2026-10-07T04:14Z
main,77349868,ok,ce079d36d921,ce079d36d921,0,0,7,7,0,0,0,2026-10-07T04:14Z
main,14262531,ok,43aa922a01bd,43aa922a01bd,1,1,9,9,0,0,0,2026-10-07T04:14Z
main,3948412,ok,381d4268c37a,381d4268c37a,3,3,12,12,0,0,0,2026-10-07T04:14Z
main,76808559,ok,5bb20a660cc8,5bb20a660cc8,1,1,11,11,0,0,0,2026-10-07T04:14Z
main,66652015,ok,d9c61d6cc76d,d9c61d6cc76d,2,2,13,13,0,0,0,2026-10-07T04:14Z
main,37344697,ok,4e1f862b5f67,4e1f862b5f67,0,0,3,3,0,0,0,2026-10-07T04:14Z
main,35858184,ok,4ea96a6df244,4ea96a6df244,1,1,4,4,0,0,0,2026-10-07T04:14Z
main,20132297,ok,928a03705e62,928a03705e62,1,1,6,6,0,0,0,2026-10-07T04:14Z
main,1913343,ok,f0f0b9d45664,f0f0b9d45664,10,10,15,15,0,0,0,2026-10-07T04:14Z
main,30325372,ok,d37b5209d926,d37b5209d926,1,1,8,8,0,0,0,2026-10-07T04:14Z
main,5638761,ok,84c4e7801ea0,84c4e7801ea0,1,1,4,4,0,0,0,2026-10-07T04:14Z
main,42321912,ok,400dd89ce506,400dd89ce506,2,2,12,12,0,0,0,2026-10-07T04:14Z
main,62878935,ok,ea48722ba311,ea48722ba311,1,1,12,12,0,0,0,2026-10-07T04:14Z
main,17702936,ok,627cd53bf70a,627cd53bf70a,5,5,22,22,0,0,0,2026-10-07T04:14Z
main,15286450,ok,c481d3146014,c481d3146014,2,2,27,27,0,0,0,2026-10-07T04:14Z
main,40106941,ok,8240028a8e7d,8240028a8e7d,3,3,37,37,0,0,0,2026-10-07T04:14Z
main,8918791,ok,4b4557aef007,4b4557aef007,4,4,12,12,0,0,0,2026-10-07T04:14Z
main,6256492,ok,b1270b50ff4f,b1270b50ff4f,8,8,1,1,0,0,0,2026-10-07T04:14Z
main,273720,ok,5f0d5b28475a,5f0d5b28475a,12,12,9,9,0,0,0,2026-10-07T04:14Z
main,12313405,ok,8efe20be7226,8efe20be7226,1,1,1,1,0,0,0,2026-10-07T04:14Z
main,6966984,ok,e9b109fe2738,e9b109fe2738,4,4,15,15,0,0,0,2026-10-07T04:14Z
main,45628694,ok,bb86aedd6368,bb86aedd6368,4,4,3,3,0,0,0,2026-10-07T04:14Z
main,28139509,ok,5d34d6f45370,5d34d6f45370,2,2,6,6,0,0,0,2026-10-07T04:14Z
main,56792856,ok,d7320a44cf81,d7320a44cf81,3,3,24,24,0,0,0,2026-10-07T04:14Z
main,34493967,ok,5b0f116a719b,5b0f116a719b,2,2,3,3,0,0,0,2026-10-07T04:14Z
main,8752111,ok,6b7042aa7188,6b7042aa7188,4,4,24,24,0,0,0,2026-10-07T04:14Z
main,42845059,ok,6e460bd26408,6e460bd26408,1,1,7,7,0,0,0,2026-10-07T04:14Z
main,31664064,ok,9ccf62ae7bbf,9ccf62ae7bbf,3,3,6,6,0,0,0,2026-10-07T04:14Z
main,10354866,ok,fed009ea7fdd,fed009ea7fdd,2,2,17,17,0,0,0,2026-10-07T04:14Z
main,65782061,ok,df2d9a6aff7d,df2d9a6aff7d,2,2,11,11,0,0,0,2026-10-07T04:14Z
main,33957037,ok,afffc54b447e,afffc54b447e,2,2,5,5,0,0,0,2026-10-07T04:14Z
main,22124981,ok,ada7be02ab45,ada7be02ab45,2,2,10,10,0,0,0,2026-10-07T04:14Z
main,15474684,ok,59bb7477c58a,59bb7477c58a,2,2,29,29,0,0,0,2026-10-07T04:14Z
main,6966328,ok,e71533ac3f45,e71533ac3f45,8,8,28,28,0,0,0,2026-10-07T04:14Z
main,10546695,ok,063abfb6a3b7,063abfb6a3b7,4,4,24,24,0,0,0,2026-10-07T04:14Z
main,2597116,ok,64e090b3e3f2,64e090b3e3f2,6,6,20,20,0,0,0,2026-10-07T04:14Z
main,30082821,ok,de1fcb307f26,de1fcb307f26,5,5,11,11,0,0,0,2026-10-07T04:14Z
main,57851897,ok,4f79ecf44956,4f79ecf44956,2,2,9,9,0,0,0,2026-10-07T04:14Z
main,31487981,ok,6e5d44594fe6,6e5d44594fe6,3,3,1,1,0,0,0,2026-10-07T04:14Z
main,77459620,ok,161f6d3d9e45,161f6d3d9e45,0,0,6,6,0,0,0,2026-10-07T04:14Z
main,15671954,ok,fa2e9b295fba,fa2e9b295fba,1,1,0,0,0,0,0,2026-10-07T04:14Z
main,63098785,ok,79e09858a8ea,79e09858a8ea,0,0,3,3,0,0,0,2026-10-07T04:14Z
main,39962705,ok,e21e19c33f7a,e21e19c33f7a,3,3,12,12,0,0,0,2026-10-07T04:14Z
main,8835729,ok,226e547d9488,226e547d9488,0,0,8,8,0,0,0,2026-10-07T04:14Z
main,27593184,ok,e0e2cf37e76b,e0e2cf37e76b,2,2,4,4,0,0,0,2026-10-07T04:14Z
main,33392649,ok,f0ea48805951,f0ea48805951,1,1,5,5,0,0,0,2026-10-07T04:14Z
main,16400683,ok,9f1807054b94,9f1807054b94,4,4,10,10,0,0,0,2026-10-07T04:14Z
main,21233891,ok,af027ceb0578,af027ceb0578,1,1,7,7,0,0,0,2026-10-07T04:14Z
main,70982490,ok,459405fa7050,459405fa7050,1,1,3,3,0,0,0,2026-10-07T04:14Z
main,78851746,ok,17f0e8778af2,17f0e8778af2,0,0,8,8,0,0,0,2026-10-07T04:14Z
main,6463053,ok,cf21f398bbf6,cf21f398bbf6,1,1,0,0,0,0,0,2026-10-07T04:14Z
main,67226661,ok,75ea52b0efe6,75ea52b0efe6,1,1,4,4,0,0,0,2026-10-07T04:14Z
main,43389411,ok,c68d15063926,c68d15063926,1,1,6,6,0,0,0,2026-10-07T04:14Z
main,27839959,ok,eeb5b27b3937,eeb5b27b3937,1,1,4,4,0,0,0,2026-10-07T04:14Z
main,73900136,ok,a71bcc0c6a92,a71bcc0c6a92,2,2,6,6,0,0,0,2026-10-07T04:14Z
main,22471184,ok,b894738ddafc,b894738ddafc,3,3,4,4,0,0,0,2026-10-07T04:14Z
main,14069536,ok,ff8ed83ee6b7,ff8ed83ee6b7,4,4,12,12,0,0,0,2026-10-07T04:14Z
main,8179958,ok,9ae4e899a786,9ae4e899a786,2,2,0,0,0,0,0,2026-10-07T04:14Z
main,1447018,ok,3e0804092cee,3e0804092cee,1,1,2,2,0,0,0,2026-10-07T04:14Z
main,35308274,ok,4fbb2683f85f,4fbb2683f85f,1,1,3,3,0,0,0,2026-10-07T04:14Z
main,24582177,ok,247d7134ba4e,247d7134ba4e,1,1,3,3,0,0,0,2026-10-07T04:14Z
main,19519364,ok,db24bd453bf9,db24bd453bf9,3,3,27,27,0,0,0,2026-10-07T04:14Z
main,12828091,ok,d7e189a23c7b,d7e189a23c7b,5,5,14,14,0,0,0,2026-10-07T04:14Z
main,16749860,ok,84f54c07e419,84f54c07e419,1,1,5,5,0,0,0,2026-10-07T04:14Z
main,49667744,ok,c4936d78c3e3,c4936d78c3e3,2,2,20,20,0,0,0,2026-10-07T04:14Z
main,49716580,ok,685cf0edda24,685cf0edda24,1,1,3,3,0,0,0,2026-10-07T04:14Z
main,46800987,ok,c1b8bec931d2,c1b8bec931d2,2,2,8,8,0,0,0,2026-10-07T04:14Z
main,20992792,ok,f63d563d8d28,f63d563d8d28,2,2,4,4,0,0,0,2026-10-07T04:14Z
main,19606963,ok,385626051e42,385626051e42,3,3,4,4,0,0,0,2026-10-07T04:14Z
main,35937148,ok,1b1f91f756ad,1b1f91f756ad,2,2,15,15,0,0,0,2026-10-07T04:14Z
main,956611,ok,f1ab87cd2ced,f1ab87cd2ced,5,5,7,7,0,0,0,2026-10-07T04:14Z
main,27770050,ok,fd1d56676ac2,fd1d56676ac2,2,2,4,4,0,0,0,2026-10-07T04:14Z
main,34847051,ok,64197992904a,64197992904a,1,1,22,22,0,0,0,2026-10-07T04:14Z
main,10466819,ok,ff7c9dba5ba5,ff7c9dba5ba5,3,3,10,10,0,0,0,2026-10-07T04:14Z
main,9114657,ok,bfeba6c5d389,bfeba6c5d389,6,6,28,28,0,0,0,2026-10-07T04:14Z
main,50728345,ok,d51edda0acd8,d51edda0acd8,4,4,39,39,0,0,0,2026-10-07T04:14Z
main,47758987,ok,30ce00805e35,30ce00805e35,4,4,3,3,0,0,0,2026-10-07T04:14Z
main,73972782,ok,8694e05170e9,8694e05170e9,1,1,0,0,0,0,0,2026-10-07T04:14Z
main,40197981,ok,192088309bce,192088309bce,1,1,6,6,0,0,0,2026-10-07T04:14Z
main,68998306,ok,e1ef1e2a8ad3,e1ef1e2a8ad3,1,1,6,6,0,0,0,2026-10-07T04:14Z
main,5543330,ok,f9bedf75d266,f9bedf75d266,2,2,3,3,0,0,0,2026-10-07T04:14Z
main,40333284,ok,2b8a0fe4be6b,2b8a0fe4be6b,3,3,9,9,0,0,0,2026-10-07T04:14Z
main,31528824,ok,cf8fe208f3b1,cf8fe208f3b1,2,2,24,24,0,0,0,2026-10-07T04:14Z
main,14170010,ok,d3accd50a10d,d3accd50a10d,4,4,28,28,0,0,0,2026-10-07T04:14Z
main,57758280,ok,aef5447da1de,aef5447da1de,2,2,2,2,0,0,0,2026-10-07T04:14Z
main,57738142,ok,83ac54aec88b,83ac54aec88b,4,4,7,7,0,0,0,2026-10-07T04:14Z
main,19338823,ok,425b9337fcbb,425b9337fcbb,3,3,11,11,0,0,0,2026-10-07T04:14Z
main,15731703,ok,b15549a1cefe,b15549a1cefe,1,1,9,9,0,0,0,2026-10-07T04:14Z
main,7577976,ok,90e646976946,90e646976946,4,4,8,8,0,0,0,2026-10-07T04:14Z
main,73209678,ok,987ee803f84a,987ee803f84a,0,0,10,10,0,0,0,2026-10-07T04:14Z
main,23537890,ok,867d38cab528,867d38cab528,4,4,7,7,0,0,0,2026-10-07T04:14Z
main,55208988,ok,527ea543e702,527ea543e702,1,1,0,0,0,0,0,2026-10-07T04:14Z
main,29070751,ok,180785148d79,180785148d79,1,1,2,2,0,0,0,2026-10-07T04:14Z
main,42159456,ok,42030c551718,42030c551718,1,1,2,2,0,0,0,2026-10-07T04:14Z
main,21124065,ok,acd6fe17d783,acd6fe17d783,2,2,2,2,0,0,0,2026-10-07T04:14Z
main,8217694,ok,f29003f12f05,f29003f12f05,3,3,9,9,0,0,0,2026-10-07T04:14Z
main,72217371,ok,9b21f3b8b9dd,9b21f3b8b9dd,1,1,18,18,0,0,0,2026-10-07T04:14Z
main,64992429,ok,2cd005821930,2cd005821930,1,1,0,0,0,0,0,2026-10-07T04:14Z
main,20415642,ok,1bd754e4f025,1bd754e4f025,1,1,10,10,0,0,0,2026-10-07T04:14Z
main,2525136,ok,7c39fe954dd5,7c39fe954dd5,7,7,10,10,0,0,0,2026-10-07T04:14Z
main,47090725,ok,e86122416868,e86122416868,3,3,26,26,0,0,0,2026-10-07T04:14Z
main,10939158,ok,b097d2cef542,b097d2cef542,3,3,21,21,0,0,0,2026-10-07T04:14Z
main,24216008,ok,9765ac23b6c8,9765ac23b6c8,4,4,4,4,0,0,0,2026-10-07T04:14Z
main,24582389,ok,f29aefda270d,f29aefda270d,1,1,12,12,0,0,0,2026-10-07T04:14Z
main,8611198,ok,5756c6c8dabe,5756c6c8dabe,4,4,13,13,0,0,0,2026-10-07T04:14Z
main,71074993,ok,4fa048ba4108,4fa048ba4108,1,1,4,4,0,0,0,2026-10-07T04:14Z
main,36563103,ok,eba146126a34,eba146126a34,2,2,18,18,0,0,0,2026-10-07T04:14Z
main,26005389,ok,22e0dc8213b8,22e0dc8213b8,3,3,13,13,0,0,0,2026-10-07T04:14Z
main,9504588,ok,d6ea60b592f1,d6ea60b592f1,2,2,9,9,0,0,0,2026-10-07T04:14Z
main,32144812,ok,4604521aeb3f,4604521aeb3f,5,5,11,11,0,0,0,2026-10-07T04:14Z
main,33281700,ok,0dafd7edc798,0dafd7edc798,2,2,9,9,0,0,0,2026-10-07T04:14Z
main,32663893,ok,1f3fc87d2993,1f3fc87d2993,1,1,8,8,0,0,0,2026-10-07T04:14Z
main,29793157,ok,d1d17591af8f,d1d17591af8f,1,1,1,1,0,0,0,2026-10-07T04:14Z
main,23418728,ok,d3e1486e7b61,d3e1486e7b61,1,1,7,7,0,0,0,2026-10-07T04:14Z
main,3398719,ok,216ac23187ef,216ac23187ef,6,6,17,17,0,0,0,2026-10-07T04:14Z
main,19600526,ok,739bb59b7ca5,739bb59b7ca5,1,1,2,2,0,0,0,2026-10-07T04:14Z
main,62233020,ok,f5fb69b3e75c,f5fb69b3e75c,2,2,6,6,0,0,0,2026-10-07T04:14Z
main,47187310,ok,383f176cb8ab,383f176cb8ab,1,1,1,1,0,0,0,2026-10-07T04:14Z
main,28896609,ok,141e2441f86a,141e2441f86a,8,8,24,24,0,0,0,2026-10-07T04:14Z
main,52734501,ok,6da28c4daf1e,6da28c4daf1e,3,3,3,3,0,0,0,2026-10-07T04:14Z
main,52855674,ok,f3565390fc42,f3565390fc42,4,4,6,6,0,0,0,2026-10-07T04:14Z
main,4970823,ok,c055f8ee32d7,c055f8ee32d7,2,2,11,11,0,0,0,2026-10-07T04:14Z
main,1233063,ok,d972effc4f90,d972effc4f90,8,8,8,8,0,0,0,2026-10-07T04:14Z
main,26950411,ok,9f7af0a6768b,9f7af0a6768b,2,2,10,10,0,0,0,2026-10-07T04:14Z
main,6447376,ok,33d14f3e5b8c,33d14f3e5b8c,5,5,9,9,0,0,0,2026-10-07T04:14Z
main,3902126,ok,ee97ccc4b91e,ee97ccc4b91e,2,2,6,6,0,0,0,2026-10-07T04:14Z
main,6058909,ok,4ebd1bc39f44,4ebd1bc39f44,2,2,6,6,0,0,0,2026-10-07T04:14Z
main,21547180,ok,0a347f530706,0a347f530706,1,1,7,7,0,0,0,2026-10-07T04:14Z
main,18017074,ok,0300cdfaafc7,0300cdfaafc7,4,4,4,4,0,0,0,2026-10-07T04:14Z
main,38855343,ok,d568632c1bc9,d568632c1bc9,6,6,5,5,0,0,0,2026-10-07T04:14Z
main,47371101,ok,0ea0d404711f,0ea0d404711f,3,3,4,4,0,0,0,2026-10-07T04:14Z
main,12513426,ok,033c5b0f1444,033c5b0f1444,0,0,0,0,0,0,0,2026-10-07T04:14Z
main,3788005,ok,a16bac6594a1,a16bac6594a1,6,6,25,25,0,0,0,2026-10-07T04:14Z
main,15454403,ok,62df1f2792cb,62df1f2792cb,3,3,3,3,0,0,0,2026-10-07T04:14Z
main,24747269,ok,e513e2c6f200,e513e2c6f200,1,1,5,5,0,0,0,2026-10-07T04:14Z
main,43120223,ok,7c2d26112e35,7c2d26112e35,4,4,5,5,0,0,0,2026-10-07T04:14Z
main,679571,ok,f098fb4cdff3,f098fb4cdff3,4,4,7,7,0,0,0,2026-10-07T04:14Z
main,10836591,ok,43e0ef7e79d7,43e0ef7e79d7,3,3,1,1,0,0,0,2026-10-07T04:14Z
main,447379,ok,28ec7ee6b6b3,28ec7ee6b6b3,4,4,6,6,0,0,0,2026-10-07T04:14Z
main,75966130,ok,f9217464b80e,f9217464b80e,1,1,6,6,0,0,0,2026-10-07T04:14Z
main,14199689,ok,45e3e5fa4c96,45e3e5fa4c96,5,5,4,4,0,0,0,2026-10-07T04:14Z
main,3802454,ok,31d71478a652,31d71478a652,1,1,1,1,0,0,0,2026-10-07T04:14Z
main,34568150,ok,bbc2910230bb,bbc2910230bb,5,5,20,20,0,0,0,2026-10-07T04:14Z
main,5713099,ok,4d5d898292c5,4d5d898292c5,4,4,5,5,0,0,0,2026-10-07T04:14Z
main,10716013,ok,972afaea12f3,972afaea12f3,2,2,3,3,0,0,0,2026-10-07T04:14Z
main,14109257,ok,daf8e501f3c9,daf8e501f3c9,1,1,8,8,0,0,0,2026-10-07T04:14Z
main,71273492,ok,469bb8692c0e,469bb8692c0e,1,1,3,3,0,0,0,2026-10-07T04:14Z
main,75315299,ok,ca63adf0719c,ca63adf0719c,1,1,9,9,0,0,0,2026-10-07T04:14Z
main,39385520,ok,409bcabef48b,409bcabef48b,5,5,12,12,0,0,0,2026-10-07T04:14Z
main,43680991,ok,df1472ebd17a,df1472ebd17a,1,1,17,17,0,0,0,2026-10-07T04:14Z
main,27438004,ok,face0fd331df,face0fd331df,2,2,2,2,0,0,0,2026-10-07T04:14Z
main,7079062,ok,c5ffe30cdd08,c5ffe30cdd08,5,5,7,7,0,0,0,2026-10-07T04:14Z
main,79827412,ok,119929666eca,119929666eca,1,1,18,18,0,0,0,2026-10-07T04:14Z
main,22793669,ok,9eacd90566e5,9eacd90566e5,7,7,50,50,0,0,0,2026-10-07T04:14Z
main,437279,ok,751b3f6e5c41,751b3f6e5c41,3,3,6,6,0,0,0,2026-10-07T04:14Z
main,5316379,ok,bc325d6a1377,bc325d6a1377,3,3,8,8,0,0,0,2026-10-07T04:14Z
main,12159739,ok,43772c41f357,43772c41f357,3,3,3,3,0,0,0,2026-10-07T04:14Z
main,9564026,ok,fa4827606a34,fa4827606a34,8,8,5,5,0,0,0,2026-10-07T04:14Z
main,62649203,ok,7df15a632224,7df15a632224,2,2,4,4,0,0,0,2026-10-07T04:14Z
main,23820713,ok,58c6c8ed92d3,58c6c8ed92d3,3,3,6,6,0,0,0,2026-10-07T04:14Z
main,15238745,ok,5f30f559fc5a,5f30f559fc5a,7,7,5,5,0,0,0,2026-10-07T04:14Z
main,44314867,ok,b28bdaa6e76a,b28bdaa6e76a,4,4,20,20,0,0,0,2026-10-07T04:14Z
main,605845,ok,36f73d09d439,36f73d09d439,30,30,202,202,0,0,0,2026-10-07T04:14Z
main,1538420,ok,467193255a77,467193255a77,14,14,61,61,0,0,0,2026-10-07T04:14Z
main,1119134,ok,0b380ca000ca,0b380ca000ca,13,13,23,23,0,0,0,2026-10-07T04:14Z
main,22159920,ok,84b1cd867419,84b1cd867419,2,2,15,15,0,0,0,2026-10-07T04:14Z
main,2688466,ok,f900d2945c4f,f900d2945c4f,3,3,30,30,0,0,0,2026-10-07T04:14Z
main,13990532,ok,d1b70e5ce699,d1b70e5ce699,2,2,4,4,0,0,0,2026-10-07T04:14Z
main,11440846,ok,676497a9c075,676497a9c075,3,3,3,3,0,0,0,2026-10-07T04:14Z
main,62597088,ok,1280e86dbf69,1280e86dbf69,4,4,4,4,0,0,0,2026-10-07T04:14Z
main,14500880,ok,074ed314d33f,074ed314d33f,3,3,5,5,0,0,0,2026-10-07T04:14Z
main,4418708,ok,ad87980b7044,ad87980b7044,20,20,261,261,0,0,0,2026-10-07T04:14Z
main,14588767,ok,1e7eb910602f,1e7eb910602f,9,9,25,25,0,0,0,2026-10-07T04:14Z
main,7050798,ok,bdb9f256b298,bdb9f256b298,5,5,5,5,0,0,0,2026-10-07T04:14Z
main,32652213,ok,3de2ea5802d5,3de2ea5802d5,1,1,19,19,0,0,0,2026-10-07T04:14Z
main,2022335,ok,df9e14824245,df9e14824245,16,16,44,44,0,0,0,2026-10-07T04:14Z
main,63789313,ok,a7c7c12308ea,a7c7c12308ea,1,1,1,1,0,0,0,2026-10-07T04:14Z
main,76838834,ok,5d669032af14,5d669032af14,2,2,7,7,0,0,0,2026-10-07T04:14Z
main,72583216,ok,9303d8339917,9303d8339917,1,1,1,1,0,0,0,2026-10-07T04:14Z
main,65847255,ok,4a22ee23421d,4a22ee23421d,1,1,0,0,0,0,0,2026-10-07T04:14Z
main,76985778,ok,e21e25dc5756,e21e25dc5756,1,1,13,13,0,0,0,2026-10-07T04:14Z
main,2426277,ok,bac0a5eac164,bac0a5eac164,9,9,22,22,0,0,0,2026-10-07T04:14Z
main,17440621,ok,568ca87809fd,568ca87809fd,6,6,4,4,0,0,0,2026-10-07T04:14Z
main,32849739,ok,ccb3a8e3b3be,ccb3a8e3b3be,1,1,6,6,0,0,0,2026-10-07T04:14Z
main,5414549,ok,4bb101cbcc45,4bb101cbcc45,2,2,3,3,0,0,0,2026-10-07T04:14Z
main,30378416,ok,10281fe9362a,10281fe9362a,3,3,6,6,0,0,0,2026-10-07T04:14Z
main,62993273,ok,18bfa8b0f705,18bfa8b0f705,2,2,13,13,0,0,0,2026-10-07T04:14Z
main,1963745,ok,3d838a5dcb85,3d838a5dcb85,1,1,1,1,0,0,0,2026-10-07T04:14Z
main,38385176,ok,dfb0dcb52765,dfb0dcb52765,2,2,16,16,0,0,0,2026-10-07T04:14Z
main,8466743,ok,5d1360f83b76,5d1360f83b76,3,3,10,10,0,0,0,2026-10-07T04:14Z
main,49568052,ok,07502d53ac66,07502d53ac66,2,2,2,2,0,0,0,2026-10-07T04:14Z
main,8424684,ok,7e4294fb360c,7e4294fb360c,1,1,9,9,0,0,0,2026-10-07T04:14Z
main,10608781,ok,82aac37050e7,82aac37050e7,4,4,20,20,0,0,0,2026-10-07T04:14Z
main,19779846,ok,67d0ff5aee8e,67d0ff5aee8e,7,7,9,9,0,0,0,2026-10-07T04:14Z
main,5124799,ok,b9f523d34b8c,b9f523d34b8c,3,3,8,8,0,0,0,2026-10-07T04:14Z
main,29213142,ok,f3005846a5b3,f3005846a5b3,2,2,5,5,0,0,0,2026-10-07T04:14Z
main,11494379,ok,0237cd39c9e2,0237cd39c9e2,4,4,16,16,0,0,0,2026-10-07T04:14Z
main,77748456,ok,50207cfb8fa6,50207cfb8fa6,0,0,12,12,0,0,0,2026-10-07T04:14Z
main,6013713,ok,8b64fb5d36de,8b64fb5d36de,5,5,4,4,0,0,0,2026-10-07T04:14Z
main,36515604,ok,cc5ae73909f7,cc5ae73909f7,1,1,8,8,0,0,0,2026-10-07T04:14Z
main,58530570,ok,0d2743ea6c8e,0d2743ea6c8e,1,1,7,7,0,0,0,2026-10-07T04:14Z
main,5943071,ok,95d4fbef4716,95d4fbef4716,5,5,6,6,0,0,0,2026-10-07T04:14Z
main,21777598,ok,a11d27001295,a11d27001295,1,1,12,12,0,0,0,2026-10-07T04:14Z
main,31769793,ok,e8275feb79a7,e8275feb79a7,1,1,5,5,0,0,0,2026-10-07T04:14Z
main,10069597,ok,e3419e006376,e3419e006376,5,5,25,25,0,0,0,2026-10-07T04:14Z
main,10865749,ok,d71cfb0af72e,d71cfb0af72e,1,1,7,7,0,0,0,2026-10-07T04:14Z
main,39986092,ok,5ba3013e5b72,5ba3013e5b72,1,1,7,7,0,0,0,2026-10-07T04:14Z
main,38252408,ok,20371ad58c30,20371ad58c30,3,3,0,0,0,0,0,2026-10-07T04:14Z
main,67887264,ok,6d93632d7d01,6d93632d7d01,2,2,12,12,0,0,0,2026-10-07T04:14Z
main,39796122,ok,8c45352f59a2,8c45352f59a2,2,2,8,8,0,0,0,2026-10-07T04:14Z
main,35879793,ok,2f68681fbcb5,2f68681fbcb5,1,1,5,5,0,0,0,2026-10-07T04:14Z
main,56165180,ok,9c17243e1fdb,9c17243e1fdb,4,4,27,27,0,0,0,2026-10-07T04:14Z
main,56884510,ok,106abc42e5e8,106abc42e5e8,0,0,2,2,0,0,0,2026-10-07T04:14Z
main,64246400,ok,9e2968eb5856,9e2968eb5856,1,1,3,3,0,0,0,2026-10-07T04:14Z
main,49712352,ok,f8b69a19542a,f8b69a19542a,1,1,6,6,0,0,0,2026-10-07T04:14Z
main,75991615,ok,ffb19e3576ad,ffb19e3576ad,1,1,6,6,0,0,0,2026-10-07T04:14Z
main,54333382,ok,bfa30c207cd2,bfa30c207cd2,1,1,8,8,0,0,0,2026-10-07T04:14Z
main,32392837,ok,269015a849be,269015a849be,2,2,9,9,0,0,0,2026-10-07T04:14Z
main,41611598,ok,d047a59d31cf,d047a59d31cf,1,1,3,3,0,0,0,2026-10-07T04:14Z
main,35385154,ok,db6ac6002f14,db6ac6002f14,1,1,12,12,0,0,0,2026-10-07T04:14Z
main,44293723,ok,3be4eb44dcc6,3be4eb44dcc6,1,1,9,9,0,0,0,2026-10-07T04:14Z
main,33381783,ok,b776e5e7bd36,b776e5e7bd36,1,1,14,14,0,0,0,2026-10-07T04:14Z
main,39883455,ok,b2d44e11df49,b2d44e11df49,3,3,27,27,0,0,0,2026-10-07T04:14Z
main,57644453,ok,ba3cfee7136e,ba3cfee7136e,2,2,29,29,0,0,0,2026-10-07T04:14Z
main,77460808,ok,6f4dc28f2d29,6f4dc28f2d29,0,0,4,4,0,0,0,2026-10-07T04:14Z
main,58930300,ok,57e09b4b0972,57e09b4b0972,1,1,2,2,0,0,0,2026-10-07T04:14Z
main,38875667,ok,1f4f40a2233b,1f4f40a2233b,1,1,9,9,0,0,0,2026-10-07T04:14Z
main,64733514,ok,14f6e8a58918,14f6e8a58918,0,0,9,9,0,0,0,2026-10-07T04:14Z
main,39282669,ok,db49c5302847,db49c5302847,3,3,7,7,0,0,0,2026-10-07T04:14Z
main,46836994,ok,1319b519e0d2,1319b519e0d2,1,1,8,8,0,0,0,2026-10-07T04:14Z
main,59593891,ok,4336bfc46979,4336bfc46979,1,1,5,5,0,0,0,2026-10-07T04:14Z
main,71011228,ok,fdb6166de398,fdb6166de398,0,0,7,7,0,0,0,2026-10-07T04:14Z
main,32415774,ok,891f8dbb4e4b,891f8dbb4e4b,3,3,7,7,0,0,0,2026-10-07T04:14Z
main,39113727,ok,8bfbeaba9ab9,8bfbeaba9ab9,2,2,11,11,0,0,0,2026-10-07T04:14Z
main,41070416,ok,455b1c4faad3,455b1c4faad3,1,1,6,6,0,0,0,2026-10-07T04:14Z
main,21847068,ok,bd75d96f8e37,bd75d96f8e37,1,1,3,3,0,0,0,2026-10-07T04:14Z
main,78547254,ok,ed429823ceec,ed429823ceec,0,0,16,16,0,0,0,2026-10-07T04:14Z
main,77284405,ok,40efb3740693,40efb3740693,0,0,16,16,0,0,0,2026-10-07T04:14Z
main,51223203,ok,0512d90f1b8f,0512d90f1b8f,1,1,1,1,0,0,0,2026-10-07T04:14Z
main,7875764,ok,c67dc5f985b9,c67dc5f985b9,1,1,1,1,0,0,0,2026-10-07T04:14Z
main,40509986,ok,fdfab6bf90b2,fdfab6bf90b2,1,1,12,12,0,0,0,2026-10-07T04:14Z
main,69459004,ok,ca1c9821aa47,ca1c9821aa47,0,0,2,2,0,0,0,2026-10-07T04:14Z
main,46988712,ok,55664bb740f5,55664bb740f5,1,1,10,10,0,0,0,2026-10-07T04:14Z
main,53922209,ok,ec4483fccb76,ec4483fccb76,2,2,23,23,0,0,0,2026-10-07T04:14Z
main,6791522,ok,bc1c49be4c82,bc1c49be4c82,2,2,1,1,0,0,0,2026-10-07T04:14Z
main,32898449,ok,5dd4bf6857da,5dd4bf6857da,1,1,5,5,0,0,0,2026-10-07T04:14Z
main,4059012,ok,2292aa38f626,2292aa38f626,3,3,5,5,0,0,0,2026-10-07T04:14Z
main,33063463,ok,cdef80600ab4,cdef80600ab4,2,2,3,3,0,0,0,2026-10-07T04:14Z
main,25922895,ok,a040474a7be3,a040474a7be3,1,1,5,5,0,0,0,2026-10-07T04:14Z
main,21377360,ok,db05e639b9c9,db05e639b9c9,6,6,17,17,0,0,0,2026-10-07T04:14Z
main,9238731,ok,ff4b6759c710,ff4b6759c710,4,4,8,8,0,0,0,2026-10-07T04:14Z
main,345003,ok,97e7ddef0f1d,97e7ddef0f1d,5,5,5,5,0,0,0,2026-10-07T04:14Z
main,58110985,ok,7e010b491321,7e010b491321,3,3,4,4,0,0,0,2026-10-07T04:14Z
main,3872290,ok,d7dc03db2e10,d7dc03db2e10,3,3,1,1,0,0,0,2026-10-07T04:14Z
main,42663978,ok,9e957bb84c76,9e957bb84c76,1,1,3,3,0,0,0,2026-10-07T04:14Z
main,75526643,ok,c4a80bd3a263,c4a80bd3a263,0,0,8,8,0,0,0,2026-10-07T04:14Z
main,79224819,ok,9a9f36537c2b,9a9f36537c2b,0,0,7,7,0,0,0,2026-10-07T04:14Z
main,32394833,ok,8d9e459868ca,8d9e459868ca,1,1,1,1,0,0,0,2026-10-07T04:14Z
main,21500469,ok,0b63f47c34eb,0b63f47c34eb,2,2,5,5,0,0,0,2026-10-07T04:14Z
main,43171413,ok,c50290e9d291,c50290e9d291,0,0,6,6,0,0,0,2026-10-07T04:14Z
main,34239797,ok,6dfc8de42814,6dfc8de42814,1,1,1,1,0,0,0,2026-10-07T04:14Z
main,15511982,ok,72332cb3d48b,72332cb3d48b,3,3,2,2,0,0,0,2026-10-07T04:14Z
main,67803107,ok,a8639584ffec,a8639584ffec,1,1,5,5,0,0,0,2026-10-07T04:14Z
main,7647964,ok,1b2d7c8377b2,1b2d7c8377b2,6,6,7,7,0,0,0,2026-10-07T04:14Z
main,12576825,ok,bc2f7f7fd495,bc2f7f7fd495,1,1,6,6,0,0,0,2026-10-07T04:14Z
main,55273029,ok,52cec27dbcf2,52cec27dbcf2,0,0,11,11,0,0,0,2026-10-07T04:14Z
main,240212,ok,2f1ed9b0abc5,2f1ed9b0abc5,15,15,34,34,0,0,0,2026-10-07T04:14Z
main,10854210,ok,204ec5b4bd57,204ec5b4bd57,3,3,10,10,0,0,0,2026-10-07T04:14Z
main,370195,ok,50d0f65ffad0,50d0f65ffad0,8,8,19,19,0,0,0,2026-10-07T04:14Z
main,21374891,ok,1f98cbc17578,1f98cbc17578,1,1,5,5,0,0,0,2026-10-07T04:14Z
main,2570552,ok,6f2a31edffb6,6f2a31edffb6,5,5,4,4,0,0,0,2026-10-07T04:14Z
main,21767320,ok,5a307b46128e,5a307b46128e,2,2,9,9,0,0,0,2026-10-07T04:14Z
main,2983182,ok,f5072292c528,f5072292c528,1,1,1,1,0,0,0,2026-10-07T04:14Z
main,3184118,ok,f5b92942bf55,f5b92942bf55,2,2,6,6,0,0,0,2026-10-07T04:14Z
main,75319496,ok,69244d9a7268,69244d9a7268,2,2,7,7,0,0,0,2026-10-07T04:14Z
main,19154980,ok,3ca56f4c005c,3ca56f4c005c,1,1,8,8,0,0,0,2026-10-07T04:14Z
main,13286706,ok,34de9f4721e7,34de9f4721e7,8,8,17,17,0,0,0,2026-10-07T04:14Z
main,9986591,ok,4de7e2c250c3,4de7e2c250c3,7,7,13,13,0,0,0,2026-10-07T04:14Z
main,1232262,ok,608d869be0d2,608d869be0d2,18,18,15,15,0,0,0,2026-10-07T04:14Z
main,23271495,ok,159e9dbed6c6,159e9dbed6c6,3,3,10,10,0,0,0,2026-10-07T04:14Z
main,6727383,ok,ebc15eb6ef90,ebc15eb6ef90,5,5,7,7,0,0,0,2026-10-07T04:14Z
main,4025869,ok,4fe14b551cdc,4fe14b551cdc,12,12,38,38,0,0,0,2026-10-07T04:14Z
main,993590,ok,4b6fc9413ddf,4b6fc9413ddf,8,8,13,13,0,0,0,2026-10-07T04:14Z
main,49651149,ok,30f6dadb2d69,30f6dadb2d69,3,3,4,4,0,0,0,2026-10-07T04:14Z
main,16714937,ok,6dfca0c78c6d,6dfca0c78c6d,4,4,10,10,0,0,0,2026-10-07T04:14Z
main,2677097,ok,0e9f9f021d27,0e9f9f021d27,5,5,1,1,0,0,0,2026-10-07T04:14Z
main,52479989,ok,43cc290f757b,43cc290f757b,1,1,6,6,0,0,0,2026-10-07T04:14Z
main,74218524,ok,ae9aabe9f2a9,ae9aabe9f2a9,1,1,28,28,0,0,0,2026-10-07T04:14Z
main,63470660,ok,ad5c795740ba,ad5c795740ba,0,0,7,7,0,0,0,2026-10-07T04:14Z
main,33718268,ok,2a42b30c5603,2a42b30c5603,1,1,2,2,0,0,0,2026-10-07T04:14Z
main,4394606,ok,87c72c4f3759,87c72c4f3759,19,19,62,62,0,0,0,2026-10-07T04:14Z
main,67578185,ok,be5ca0fef9c0,be5ca0fef9c0,7,7,46,46,0,0,0,2026-10-07T04:14Z
main,5026197,ok,fe87c54a543d,fe87c54a543d,3,3,37,37,0,0,0,2026-10-07T04:14Z
main,28977302,ok,ebeaf4de0426,ebeaf4de0426,2,2,8,8,0,0,0,2026-10-07T04:14Z
main,871234,ok,1ce8d25a2e77,1ce8d25a2e77,18,18,64,64,0,0,0,2026-10-07T04:14Z
main,17562943,ok,da0bd9217e49,da0bd9217e49,1,1,33,33,0,0,0,2026-10-07T04:14Z
main,1917411,ok,6f831e3e938b,6f831e3e938b,3,3,1,1,0,0,0,2026-10-07T04:14Z
main,13654927,ok,55916dbd9929,55916dbd9929,4,4,13,13,0,0,0,2026-10-07T04:14Z
main,1612031,ok,dd9805b37efa,dd9805b37efa,10,10,21,21,0,0,0,2026-10-07T04:14Z
main,59151808,ok,a56afe66931d,a56afe66931d,1,1,4,4,0,0,0,2026-10-07T04:14Z
main,9327003,ok,e8c1e19be2f9,e8c1e19be2f9,2,2,11,11,0,0,0,2026-10-07T04:14Z
main,78725496,ok,dae9ec07a3b2,dae9ec07a3b2,1,1,15,15,0,0,0,2026-10-07T04:14Z
main,15073970,ok,488158aa4304,488158aa4304,2,2,8,8,0,0,0,2026-10-07T04:14Z
main,17612,ok,eb94918b27b1,eb94918b27b1,3,3,11,11,0,0,0,2026-10-07T04:14Z
main,8405099,ok,eff4b14b8645,eff4b14b8645,4,4,19,19,0,0,0,2026-10-07T04:14Z
main,22877956,ok,53663de12806,53663de12806,2,2,2,2,0,0,0,2026-10-07T04:14Z
main,161053,ok,d1f0ea0b330c,d1f0ea0b330c,24,24,68,68,0,0,0,2026-10-07T04:14Z
main,10195343,ok,e6e38cc71e2e,e6e38cc71e2e,9,9,76,76,0,0,0,2026-10-07T04:14Z
main,15752659,ok,d3fd754e2119,d3fd754e2119,12,12,54,54,0,0,0,2026-10-07T04:14Z
main,66930450,ok,1566b90bb1f9,1566b90bb1f9,4,4,24,24,0,0,0,2026-10-07T04:14Z
main,703691,ok,6ec46a17336b,6ec46a17336b,16,16,19,19,0,0,0,2026-10-07T04:14Z
main,15079057,ok,3eb1534ce076,3eb1534ce076,3,3,9,9,0,0,0,2026-10-07T04:14Z
main,33374483,ok,a787538e122e,a787538e122e,6,6,66,66,0,0,0,2026-10-07T04:14Z
main,536439,ok,8290940e2cd2,8290940e2cd2,18,18,37,37,0,0,0,2026-10-07T04:14Z
main,4255598,ok,e1037cef14d4,e1037cef14d4,4,4,9,9,0,0,0,2026-10-07T04:14Z
main,65160150,ok,4f19fc0f46a1,4f19fc0f46a1,1,1,0,0,0,0,0,2026-10-07T04:14Z
main,34294,ok,eed20e839ff4,eed20e839ff4,5,5,8,8,0,0,0,2026-10-07T04:14Z
main,1344126,ok,9cdc9835efea,9cdc9835efea,3,3,3,3,0,0,0,2026-10-07T04:14Z
main,68457968,ok,3724af4e253f,3724af4e253f,2,2,4,4,0,0,0,2026-10-07T04:14Z
main,1007188,ok,2f8a8b305501,2f8a8b305501,7,7,5,5,0,0,0,2026-10-07T04:14Z
main,33321056,ok,0f8bd0f83f13,0f8bd0f83f13,0,0,2,2,0,0,0,2026-10-07T04:14Z
main,494530,ok,33dcf4beba9b,33dcf4beba9b,1,1,0,0,0,0,0,2026-10-07T04:14Z
main,73973154,ok,b3a1798a0b2f,b3a1798a0b2f,1,1,4,4,0,0,0,2026-10-07T04:14Z
main,512841,ok,f4130b65cc85,f4130b65cc85,1,1,5,5,0,0,0,2026-10-07T04:14Z
main,41741448,ok,f55ed969bde7,f55ed969bde7,2,2,35,35,0,0,0,2026-10-07T04:14Z
main,4595675,ok,f29ef94f420e,f29ef94f420e,13,13,28,28,0,0,0,2026-10-07T04:14Z
main,10129047,ok,54001fb38480,54001fb38480,1,1,7,7,0,0,0,2026-10-07T04:14Z
main,1635869,ok,bd6eb2d94204,bd6eb2d94204,4,4,3,3,0,0,0,2026-10-07T04:14Z
main,65677448,ok,713eca19e238,713eca19e238,0,0,6,6,0,0,0,2026-10-07T04:14Z
main,39935218,ok,eee78bcaaab4,eee78bcaaab4,3,3,8,8,0,0,0,2026-10-07T04:14Z
main,11537367,ok,6e98d4f6a7ca,6e98d4f6a7ca,1,1,6,6,0,0,0,2026-10-07T04:14Z
main,62867252,ok,d5adba386eed,d5adba386eed,1,1,2,2,0,0,0,2026-10-07T04:14Z
main,55289824,ok,b9f6673098a5,b9f6673098a5,2,2,29,29,0,0,0,2026-10-07T04:14Z
main,35166218,ok,16c22c5ddeda,16c22c5ddeda,1,1,3,3,0,0,0,2026-10-07T04:14Z
main,44370580,ok,9d08d32b72ed,9d08d32b72ed,2,2,6,6,0,0,0,2026-10-07T04:14Z
main,33378180,ok,75c3e049ad9b,75c3e049ad9b,1,1,9,9,0,0,0,2026-10-07T04:14Z
main,47236570,ok,f867d37b10f8,f867d37b10f8,1,1,19,19,0,0,0,2026-10-07T04:14Z
main,21143932,ok,32ae46311ef8,32ae46311ef8,4,4,6,6,0,0,0,2026-10-07T04:14Z
main,35500740,ok,550947944e02,550947944e02,1,1,7,7,0,0,0,2026-10-07T04:14Z
main,24150154,ok,6dd176864b3d,6dd176864b3d,2,2,36,36,0,0,0,2026-10-07T04:14Z
main,19427576,ok,de7fd4a95eb9,de7fd4a95eb9,1,1,15,15,0,0,0,2026-10-07T04:14Z
main,25411433,ok,424b917ab730,424b917ab730,2,2,5,5,0,0,0,2026-10-07T04:14Z
main,23605169,ok,88222e79a3e2,88222e79a3e2,1,1,0,0,0,0,0,2026-10-07T04:14Z
main,23027862,ok,16879863dd64,16879863dd64,1,1,7,7,0,0,0,2026-10-07T04:14Z
main,32118545,ok,b9d7d94f6609,b9d7d94f6609,2,2,4,4,0,0,0,2026-10-07T04:14Z
main,9550286,ok,0487b793b419,0487b793b419,0,0,7,7,0,0,0,2026-10-07T04:14Z
main,18383844,ok,bec18ddde93a,bec18ddde93a,7,7,95,95,0,0,0,2026-10-07T04:14Z
main,3838855,ok,3f3f590a32ce,3f3f590a32ce,7,7,47,47,0,0,0,2026-10-07T04:14Z
main,30068377,ok,79e7cb3c2903,79e7cb3c2903,1,1,3,3,0,0,0,2026-10-07T04:14Z
main,9043685,ok,5ca3c95f28fe,5ca3c95f28fe,2,2,2,2,0,0,0,2026-10-07T04:14Z
main,68293501,ok,e3ee8e9f7bbf,e3ee8e9f7bbf,0,0,8,8,0,0,0,2026-10-07T04:14Z
main,34887157,ok,3d01be4a7197,3d01be4a7197,1,1,2,2,0,0,0,2026-10-07T04:14Z
main,33460988,ok,bfc78ee4729c,bfc78ee4729c,1,1,5,5,0,0,0,2026-10-07T04:14Z
main,1052818,ok,58e6671b8378,58e6671b8378,10,10,29,29,0,0,0,2026-10-07T04:14Z
main,3944505,ok,9e15c9b89c6d,9e15c9b89c6d,14,14,76,76,0,0,0,2026-10-07T04:14Z
main,551069,ok,c34b1794b53b,c34b1794b53b,29,29,48,48,0,0,0,2026-10-07T04:14Z
main,2060974,ok,b4dddb62ed17,b4dddb62ed17,9,9,9,9,0,0,0,2026-10-07T04:14Z
main,17024866,ok,255e974d3e97,255e974d3e97,4,4,51,51,0,0,0,2026-10-07T04:14Z
main,12645647,ok,9527a139ab37,9527a139ab37,5,5,14,14,0,0,0,2026-10-07T04:14Z
main,37800739,ok,4d8b681aea7b,4d8b681aea7b,2,2,44,44,0,0,0,2026-10-07T04:14Z
main,17423967,ok,18d3e9901a8f,18d3e9901a8f,7,7,27,27,0,0,0,2026-10-07T04:14Z
main,27272992,ok,b9e552b6a973,b9e552b6a973,5,5,35,35,0,0,0,2026-10-07T04:14Z
main,62469680,ok,6e7d903f9783,6e7d903f9783,1,1,7,7,0,0,0,2026-10-07T04:14Z
main,50546512,ok,badd0b8d8af3,badd0b8d8af3,1,1,18,18,0,0,0,2026-10-07T04:14Z
main,44424820,ok,e81d8321b1f2,e81d8321b1f2,1,1,18,18,0,0,0,2026-10-07T04:14Z
main,9419370,ok,a8e1abea01bd,a8e1abea01bd,3,3,8,8,0,0,0,2026-10-07T04:14Z
main,10779474,ok,4aa2f38ecc8e,4aa2f38ecc8e,1,1,1,1,0,0,0,2026-10-07T04:14Z
main,35163015,ok,3f0a6a92e646,3f0a6a92e646,4,4,7,7,0,0,0,2026-10-07T04:14Z
main,33395724,ok,0a6c2781e83e,0a6c2781e83e,1,1,5,5,0,0,0,2026-10-07T04:14Z
main,4803352,ok,6a227a675d71,6a227a675d71,3,3,0,0,0,0,0,2026-10-07T04:14Z
main,31333077,ok,7e5df65a144b,7e5df65a144b,1,1,6,6,0,0,0,2026-10-07T04:14Z
main,5120768,ok,ed124e66d64d,ed124e66d64d,11,11,58,58,0,0,0,2026-10-07T04:14Z
main,704466,ok,dbd9ed2e3a3a,dbd9ed2e3a3a,13,13,30,30,0,0,0,2026-10-07T04:14Z
main,10360461,ok,5bdf2faa6ed1,5bdf2faa6ed1,12,12,38,38,0,0,0,2026-10-07T04:14Z
main,7432100,ok,731b4f096018,731b4f096018,13,13,51,51,0,0,0,2026-10-07T04:14Z
main,8936063,ok,0bf2109bcdc4,0bf2109bcdc4,4,4,21,21,0,0,0,2026-10-07T04:14Z
main,728233,ok,d4f8d6cc3b27,d4f8d6cc3b27,17,17,35,35,0,0,0,2026-10-07T04:14Z
main,9020372,ok,42ee9cb48ed5,42ee9cb48ed5,2,2,11,11,0,0,0,2026-10-07T04:14Z
main,11598990,ok,52cc6a433311,52cc6a433311,1,1,25,25,0,0,0,2026-10-07T04:14Z
main,18160776,ok,f1716ce8342f,f1716ce8342f,4,4,1,1,0,0,0,2026-10-07T04:14Z
main,77773950,ok,56d92210d840,56d92210d840,2,2,6,6,0,0,0,2026-10-07T04:14Z
main,19523179,ok,64c2b5417a44,64c2b5417a44,4,4,1,1,0,0,0,2026-10-07T04:14Z
main,79004677,ok,f8a209623232,f8a209623232,1,1,5,5,0,0,0,2026-10-07T04:14Z
main,28973502,ok,76a356b1e217,76a356b1e217,1,1,6,6,0,0,0,2026-10-07T04:14Z
main,1478693,ok,6f4913879b98,6f4913879b98,6,6,6,6,0,0,0,2026-10-07T04:14Z
main,67652342,ok,c0ab18be1bf3,c0ab18be1bf3,1,1,9,9,0,0,0,2026-10-07T04:14Z
main,8999994,ok,4ee1359eb20b,4ee1359eb20b,4,4,10,10,0,0,0,2026-10-07T04:14Z
main,20735026,ok,620530396673,620530396673,2,2,14,14,0,0,0,2026-10-07T04:14Z
main,37184733,ok,502dfcaf8f71,502dfcaf8f71,3,3,19,19,0,0,0,2026-10-07T04:14Z
main,20623956,ok,184b78d81410,184b78d81410,2,2,7,7,0,0,0,2026-10-07T04:14Z
main,7448984,ok,a958c82dbf96,a958c82dbf96,5,5,10,10,0,0,0,2026-10-07T04:14Z
main,66606248,ok,d7f9850cc2c0,d7f9850cc2c0,1,1,32,32,0,0,0,2026-10-07T04:14Z
main,13238192,ok,a6202187fb6d,a6202187fb6d,1,1,2,2,0,0,0,2026-10-07T04:14Z
main,8148443,ok,951f10fe24ab,951f10fe24ab,1,1,3,3,0,0,0,2026-10-07T04:14Z
main,3647953,ok,b6fa25ee9429,b6fa25ee9429,5,5,3,3,0,0,0,2026-10-07T04:14Z
main,61476655,ok,40b1289a8417,40b1289a8417,1,1,2,2,0,0,0,2026-10-07T04:14Z
main,2848273,ok,24509f428377,24509f428377,2,2,5,5,0,0,0,2026-10-07T04:14Z
main,72331609,ok,685c516dcc79,685c516dcc79,1,1,5,5,0,0,0,2026-10-07T04:14Z
main,1588788,ok,14c2530c1346,14c2530c1346,7,7,16,16,0,0,0,2026-10-07T04:14Z
main,7733308,ok,6d0468a58b0e,6d0468a58b0e,5,5,15,15,0,0,0,2026-10-07T04:14Z
main,77619006,ok,4786aa983a22,4786aa983a22,0,0,3,3,0,0,0,2026-10-07T04:14Z
main,25414839,ok,9f050c065e26,9f050c065e26,2,2,16,16,0,0,0,2026-10-07T04:14Z
main,11572631,ok,5e854208a7ae,5e854208a7ae,1,1,3,3,0,0,0,2026-10-07T04:14Z
main,73899093,ok,fd0d51b44f3f,fd0d51b44f3f,2,2,7,7,0,0,0,2026-10-07T04:14Z
main,2008173,ok,5111284cfbec,5111284cfbec,7,7,14,14,0,0,0,2026-10-07T04:14Z
main,37988849,ok,728477cfced4,728477cfced4,6,6,25,25,0,0,0,2026-10-07T04:14Z
main,50610274,ok,68c3d4ca6ff4,68c3d4ca6ff4,2,2,35,35,0,0,0,2026-10-07T04:14Z
main,39366248,ok,9e445ea1151e,9e445ea1151e,2,2,14,14,0,0,0,2026-10-07T04:14Z
main,4237812,ok,ffc0b8a76531,ffc0b8a76531,5,5,7,7,0,0,0,2026-10-07T04:14Z
main,32177183,ok,d0b33798e661,d0b33798e661,1,1,4,4,0,0,0,2026-10-07T04:14Z
main,76044569,ok,da46b9fdf878,da46b9fdf878,0,0,9,9,0,0,0,2026-10-07T04:14Z
main,22029845,ok,08e07368cae9,08e07368cae9,1,1,3,3,0,0,0,2026-10-07T04:14Z
main,2662652,ok,e7e3937cf92f,e7e3937cf92f,3,3,6,6,0,0,0,2026-10-07T04:14Z
main,70799842,ok,e0a3b50a55d9,e0a3b50a55d9,2,2,10,10,0,0,0,2026-10-07T04:14Z
main,43187986,ok,41fb2dddb3a9,41fb2dddb3a9,3,3,16,16,0,0,0,2026-10-07T04:14Z
main,49136390,ok,645cb101d0dd,645cb101d0dd,2,2,5,5,0,0,0,2026-10-07T04:14Z
main,12746885,ok,677dbc40c70c,677dbc40c70c,2,2,15,15,0,0,0,2026-10-07T04:14Z
main,14773420,ok,e66b067f9c5f,e66b067f9c5f,1,1,2,2,0,0,0,2026-10-07T04:14Z
main,67318357,ok,a6861ab4fc6e,a6861ab4fc6e,3,3,16,16,0,0,0,2026-10-07T04:14Z
main,9514475,ok,1bcaba6070b3,1bcaba6070b3,2,2,9,9,0,0,0,2026-10-07T04:14Z
main,8750690,ok,bdc2367bbac9,bdc2367bbac9,4,4,10,10,0,0,0,2026-10-07T04:14Z
main,18253413,ok,424c0caf65ef,424c0caf65ef,2,2,5,5,0,0,0,2026-10-07T04:14Z
main,4841126,ok,03d12bdf7de1,03d12bdf7de1,2,2,3,3,0,0,0,2026-10-07T04:14Z
main,38792542,ok,2cd30ca594a7,2cd30ca594a7,2,2,7,7,0,0,0,2026-10-07T04:14Z
main,2902064,ok,f4f57929a975,f4f57929a975,10,10,24,24,0,0,0,2026-10-07T04:14Z
main,20019512,ok,394a8810c06f,394a8810c06f,1,1,5,5,0,0,0,2026-10-07T04:14Z
main,15024612,ok,3b3a9ac1be89,3b3a9ac1be89,1,1,5,5,0,0,0,2026-10-07T04:14Z
main,44349329,ok,6e9a523b5b1a,6e9a523b5b1a,1,1,8,8,0,0,0,2026-10-07T04:14Z
main,50700253,ok,2ca745732eda,2ca745732eda,0,0,6,6,0,0,0,2026-10-07T04:14Z
main,28317035,ok,7c86904f65e9,7c86904f65e9,5,5,5,5,0,0,0,2026-10-07T04:14Z
main,47175974,ok,555f4249e20a,555f4249e20a,1,1,7,7,0,0,0,2026-10-07T04:14Z
main,40610969,ok,663d5e9f38c6,663d5e9f38c6,1,1,4,4,0,0,0,2026-10-07T04:14Z
main,47245000,ok,464fc64c2f94,464fc64c2f94,1,1,18,18,0,0,0,2026-10-07T04:14Z
main,38278874,ok,c4e94b938ed7,c4e94b938ed7,1,1,5,5,0,0,0,2026-10-07T04:14Z
main,1879550,ok,6df038adacd9,6df038adacd9,10,10,26,26,0,0,0,2026-10-07T04:14Z
main,12230788,ok,e0d28cbc1f15,e0d28cbc1f15,4,4,6,6,0,0,0,2026-10-07T04:14Z
main,9646608,ok,4cc22beb7954,4cc22beb7954,3,3,17,17,0,0,0,2026-10-07T04:14Z
main,1145,ok,e98b3156f87c,e98b3156f87c,8,8,4,4,0,0,0,2026-10-07T04:14Z
main,29335795,ok,3a191b354af5,3a191b354af5,2,2,21,21,0,0,0,2026-10-07T04:14Z
main,12548868,ok,64d5cd3a490d,64d5cd3a490d,2,2,12,12,0,0,0,2026-10-07T04:14Z
main,21438154,ok,9c54e414ead8,9c54e414ead8,1,1,0,0,0,0,0,2026-10-07T04:14Z
main,38540414,ok,f0a7543cdc74,f0a7543cdc74,3,3,4,4,0,0,0,2026-10-07T04:14Z
main,13148119,ok,52b6a2c2e64f,52b6a2c2e64f,5,5,3,3,0,0,0,2026-10-07T04:14Z
main,40857626,ok,5fefd786638d,5fefd786638d,3,3,2,2,0,0,0,2026-10-07T04:14Z
main,23223476,ok,e8136f42a4bf,e8136f42a4bf,2,2,1,1,0,0,0,2026-10-07T04:14Z
main,35859579,ok,0c343f65a192,0c343f65a192,1,1,0,0,0,0,0,2026-10-07T04:14Z
main,54100524,ok,200e0d5ea565,200e0d5ea565,2,2,1,1,0,0,0,2026-10-07T04:14Z
main,25540653,ok,008263c93aae,008263c93aae,1,1,2,2,0,0,0,2026-10-07T04:14Z
main,17894985,ok,6e753901451d,6e753901451d,1,1,11,11,0,0,0,2026-10-07T04:14Z
main,39642200,ok,87b6168c160a,87b6168c160a,2,2,7,7,0,0,0,2026-10-07T04:14Z
main,27327426,ok,18f51b85463d,18f51b85463d,2,2,12,12,0,0,0,2026-10-07T04:14Z
main,21437482,ok,9770e17cf474,9770e17cf474,3,3,2,2,0,0,0,2026-10-07T04:14Z
main,26009570,ok,7b551a789693,7b551a789693,1,1,4,4,0,0,0,2026-10-07T04:14Z
main,28256350,ok,58100369e1cc,58100369e1cc,3,3,19,19,0,0,0,2026-10-07T04:14Z
main,22824802,ok,fa7b82ac4ee2,fa7b82ac4ee2,1,1,4,4,0,0,0,2026-10-07T04:14Z
main,1334929,ok,56f8f41b68a9,56f8f41b68a9,17,17,32,32,0,0,0,2026-10-07T04:14Z
main,32025292,ok,11a8d836f2db,11a8d836f2db,1,1,9,9,0,0,0,2026-10-07T04:14Z
main,17914579,ok,a756220c6b16,a756220c6b16,2,2,16,16,0,0,0,2026-10-07T04:14Z
main,71886062,ok,30f27d580c32,30f27d580c32,0,0,2,2,0,0,0,2026-10-07T04:14Z
main,71984360,ok,0a5033d44b87,0a5033d44b87,1,1,5,5,0,0,0,2026-10-07T04:14Z
main,6111972,ok,7d55c1e3724e,7d55c1e3724e,1,1,5,5,0,0,0,2026-10-07T04:14Z
main,61553192,ok,0e784deacc5a,0e784deacc5a,0,0,6,6,0,0,0,2026-10-07T04:14Z
main,59120971,ok,2b237d5caffb,2b237d5caffb,0,0,9,9,0,0,0,2026-10-07T04:14Z
main,76095270,ok,c229a66a3fa6,c229a66a3fa6,1,1,11,11,0,0,0,2026-10-07T04:14Z
main,42710999,ok,07927b12e004,07927b12e004,1,1,5,5,0,0,0,2026-10-07T04:14Z
main,77885684,ok,4db6fae67081,4db6fae67081,1,1,9,9,0,0,0,2026-10-07T04:14Z
main,26353694,ok,e5cf0806bb89,e5cf0806bb89,1,1,2,2,0,0,0,2026-10-07T04:14Z
main,22901208,ok,402e24bd12be,402e24bd12be,2,2,19,19,0,0,0,2026-10-07T04:14Z
main,42125850,ok,c8127d0162c6,c8127d0162c6,1,1,7,7,0,0,0,2026-10-07T04:14Z
main,19502423,ok,a080d7f7a2ac,a080d7f7a2ac,1,1,16,16,0,0,0,2026-10-07T04:14Z
main,39368659,ok,96462dd7b19c,96462dd7b19c,1,1,8,8,0,0,0,2026-10-07T04:14Z
main,19339086,ok,8bdc901d6a85,8bdc901d6a85,1,1,6,6,0,0,0,2026-10-07T04:14Z
main,65595869,ok,195ea2284fa6,195ea2284fa6,3,3,15,15,0,0,0,2026-10-07T04:14Z
main,62110270,ok,e607ede57cfb,e607ede57cfb,1,1,5,5,0,0,0,2026-10-07T04:14Z
main,42470350,ok,42eabf772e27,42eabf772e27,1,1,1,1,0,0,0,2026-10-07T04:14Z
main,7466971,ok,b3107ce3b75b,b3107ce3b75b,4,4,0,0,0,0,0,2026-10-07T04:14Z
main,36273231,ok,7232e1fefd89,7232e1fefd89,1,1,0,0,0,0,0,2026-10-07T04:14Z
main,10250766,ok,1618cb8f2f81,1618cb8f2f81,1,1,20,20,0,0,0,2026-10-07T04:14Z
main,18968513,ok,d61d3e268f07,d61d3e268f07,2,2,3,3,0,0,0,2026-10-07T04:14Z
main,33934310,ok,d713ed42f3a3,d713ed42f3a3,3,3,8,8,0,0,0,2026-10-07T04:14Z
main,7951433,ok,4638e4ee6546,4638e4ee6546,2,2,7,7,0,0,0,2026-10-07T04:14Z
main,64373405,ok,1bf711345ca8,1bf711345ca8,1,1,7,7,0,0,0,2026-10-07T04:14Z
main,910314,ok,3180a08f3558,3180a08f3558,2,2,6,6,0,0,0,2026-10-07T04:14Z
main,22837508,ok,117836ce2b61,117836ce2b61,3,3,7,7,0,0,0,2026-10-07T04:14Z
main,41660675,ok,c3d78f299aa7,c3d78f299aa7,3,3,19,19,0,0,0,2026-10-07T04:14Z
main,20494688,ok,8075bc244660,8075bc244660,2,2,6,6,0,0,0,2026-10-07T04:14Z
main,23723215,ok,b87d9c9ca0e1,b87d9c9ca0e1,2,2,15,15,0,0,0,2026-10-07T04:14Z
main,17306417,ok,6227cd710b60,6227cd710b60,4,4,13,13,0,0,0,2026-10-07T04:14Z
main,8317011,ok,7bf70fcac278,7bf70fcac278,5,5,12,12,0,0,0,2026-10-07T04:14Z
main,10986551,ok,83899cc4743b,83899cc4743b,2,2,2,2,0,0,0,2026-10-07T04:14Z
main,11560902,ok,10017ce4c5a6,10017ce4c5a6,2,2,1,1,0,0,0,2026-10-07T04:14Z
main,1663000,ok,fad27ede6c94,fad27ede6c94,3,3,4,4,0,0,0,2026-10-07T04:14Z
main,30239619,ok,250f51da421e,250f51da421e,1,1,11,11,0,0,0,2026-10-07T04:14Z
main,33614009,ok,0a7c0358f1e2,0a7c0358f1e2,2,2,11,11,0,0,0,2026-10-07T04:14Z
main,24482090,ok,145c32d14e59,145c32d14e59,1,1,0,0,0,0,0,2026-10-07T04:14Z
main,10423992,ok,c2bce693e38a,c2bce693e38a,1,1,5,5,0,0,0,2026-10-07T04:14Z
main,839291,ok,22b67c0fd707,22b67c0fd707,8,8,4,4,0,0,0,2026-10-07T04:14Z
main,11700500,ok,b7f9bc43a299,b7f9bc43a299,1,1,17,17,0,0,0,2026-10-07T04:14Z
main,1171833,ok,96fc98d00d0f,96fc98d00d0f,3,3,3,3,0,0,0,2026-10-07T04:14Z
main,17925771,ok,90a1797f46d1,90a1797f46d1,2,2,13,13,0,0,0,2026-10-07T04:14Z
main,20197667,ok,862151df4a3f,862151df4a3f,1,1,5,5,0,0,0,2026-10-07T04:14Z
main,48590861,ok,af31189f6c09,af31189f6c09,1,1,13,13,0,0,0,2026-10-07T04:14Z
main,22714760,ok,18990c582b67,18990c582b67,3,3,22,22,0,0,0,2026-10-07T04:14Z
main,12099719,ok,1998be76ef75,1998be76ef75,3,3,8,8,0,0,0,2026-10-07T04:14Z
main,74645824,ok,0ecfd62b61f2,0ecfd62b61f2,1,1,9,9,0,0,0,2026-10-07T04:14Z
main,37035739,ok,e77c73bc8611,e77c73bc8611,0,0,7,7,0,0,0,2026-10-07T04:14Z
main,75202566,ok,9d990d4ee6fd,9d990d4ee6fd,2,2,3,3,0,0,0,2026-10-07T04:14Z
main,69771578,ok,e2b98e11be29,e2b98e11be29,3,3,17,17,0,0,0,2026-10-07T04:14Z
main,66764918,ok,47e28498288a,47e28498288a,1,1,2,2,0,0,0,2026-10-07T04:14Z
main,68944842,ok,21e31f8a52d4,21e31f8a52d4,1,1,5,5,0,0,0,2026-10-07T04:14Z
main,8973129,ok,919666d4f17b,919666d4f17b,3,3,10,10,0,0,0,2026-10-07T04:14Z
main,60856679,ok,199737fe4c6e,199737fe4c6e,1,1,6,6,0,0,0,2026-10-07T04:14Z
main,54937992,ok,13805cdf944e,13805cdf944e,1,1,4,4,0,0,0,2026-10-07T04:14Z
main,49972975,ok,3a4592442984,3a4592442984,1,1,6,6,0,0,0,2026-10-07T04:14Z
main,51175664,ok,2467d247b696,2467d247b696,2,2,25,25,0,0,0,2026-10-07T04:14Z
main,17631453,ok,c78165337332,c78165337332,3,3,9,9,0,0,0,2026-10-07T04:14Z
main,16800074,ok,63237e54a03c,63237e54a03c,2,2,5,5,0,0,0,2026-10-07T04:14Z
main,20475295,ok,8b2ac00323e9,8b2ac00323e9,2,2,20,20,0,0,0,2026-10-07T04:14Z
main,18764952,ok,07d85dbe5695,07d85dbe5695,1,1,2,2,0,0,0,2026-10-07T04:14Z
main,17791892,ok,18332c24ce04,18332c24ce04,4,4,30,30,0,0,0,2026-10-07T04:14Z
main,28797000,ok,ed3bed0dc15f,ed3bed0dc15f,1,1,2,2,0,0,0,2026-10-07T04:14Z
main,79290961,ok,4f608c08bdbd,4f608c08bdbd,3,3,14,14,0,0,0,2026-10-07T04:14Z
main,49028842,ok,9592d8f4ab95,9592d8f4ab95,1,1,3,3,0,0,0,2026-10-07T04:14Z
main,3703658,ok,a17acf2a71cf,a17acf2a71cf,15,15,27,27,0,0,0,2026-10-07T04:14Z
main,6406356,ok,274e8944bd7b,274e8944bd7b,4,4,11,11,0,0,0,2026-10-07T04:14Z
main,59618533,ok,949f76543a06,949f76543a06,3,3,30,30,0,0,0,2026-10-07T04:14Z
main,63196352,ok,ec2175fa2041,ec2175fa2041,3,3,13,13,0,0,0,2026-10-07T04:14Z
main,36390489,ok,d9e501d30a63,d9e501d30a63,3,3,28,28,0,0,0,2026-10-07T04:14Z
main,7455982,ok,3208c33661ba,3208c33661ba,3,3,4,4,0,0,0,2026-10-07T04:14Z
main,26020580,ok,287181fdc0f9,287181fdc0f9,1,1,9,9,0,0,0,2026-10-07T04:14Z
main,28767234,ok,16ad8d92ba2e,16ad8d92ba2e,3,3,9,9,0,0,0,2026-10-07T04:14Z
main,48645210,ok,9d572b94f5c6,9d572b94f5c6,1,1,6,6,0,0,0,2026-10-07T04:14Z
main,53001194,ok,526ead926244,526ead926244,1,1,5,5,0,0,0,2026-10-07T04:14Z
main,13991018,ok,4891926c0781,4891926c0781,3,3,8,8,0,0,0,2026-10-07T04:14Z
main,68094459,ok,e3d2527d62ea,e3d2527d62ea,0,0,2,2,0,0,0,2026-10-07T04:14Z
main,13575276,ok,d93ac4c893db,d93ac4c893db,1,1,22,22,0,0,0,2026-10-07T04:14Z
main,71113770,ok,00971da0023d,00971da0023d,1,1,6,6,0,0,0,2026-10-07T04:14Z
main,78680333,ok,abd229f3d4bd,abd229f3d4bd,1,1,9,9,0,0,0,2026-10-07T04:14Z
main,13294715,ok,aa8df1212e82,aa8df1212e82,3,3,4,4,0,0,0,2026-10-07T04:14Z
main,13435374,ok,dfd58938a709,dfd58938a709,2,2,2,2,0,0,0,2026-10-07T04:14Z
main,75905946,ok,9673a5ddb21c,9673a5ddb21c,1,1,4,4,0,0,0,2026-10-07T04:14Z
main,33104998,ok,ee17ceb5ba7b,ee17ceb5ba7b,3,3,14,14,0,0,0,2026-10-07T04:14Z
main,28471327,ok,aabe2bcc4cb7,aabe2bcc4cb7,2,2,5,5,0,0,0,2026-10-07T04:14Z
main,29529890,ok,3874a03ee514,3874a03ee514,3,3,4,4,0,0,0,2026-10-07T04:14Z
main,22577735,ok,1b1b9b9b361e,1b1b9b9b361e,0,0,29,29,0,0,0,2026-10-07T04:14Z
main,43575838,ok,252a7db282c7,252a7db282c7,1,1,4,4,0,0,0,2026-10-07T04:14Z
offcwe,33114152,new_posts,7afab43718ca,7afab43718ca,1,3,0,12,0,2,12,2026-10-07T04:14Z
offcwe,2620313,new_posts,0df40243afc4,0df40243afc4,2,2,0,5,0,0,5,2026-10-07T04:14Z
offcwe,4083608,new_posts,b13372825086,b13372825086,1,7,1,15,0,6,14,2026-10-07T04:14Z
offcwe,7297001,new_posts,9f8d83ed17e5,9f8d83ed17e5,1,1,0,6,0,0,6,2026-10-07T04:14Z
offcwe,13691107,new_posts,9de6fe0dc04b,9de6fe0dc04b,1,2,0,11,0,1,11,2026-10-07T04:14Z
offcwe,23793992,ok,0d0d96622a1d,0d0d96622a1d,1,1,0,0,0,0,0,2026-10-07T04:14Z
offcwe,33310675,new_posts,7a1d7e91354c,7a1d7e91354c,0,1,0,31,0,1,31,2026-10-07T04:14Z
offcwe,66048264,new_posts,e72f5e7d326e,e72f5e7d326e,0,2,9,13,0,2,4,2026-10-07T04:14Z
offcwe,5130375,new_posts,4c4a858a1bde,4c4a858a1bde,2,2,0,4,0,0,4,2026-10-07T04:14Z
offcwe,21847068,new_posts,bd75d96f8e37,bd75d96f8e37,1,1,0,3,0,0,3,2026-10-07T04:14Z
offcwe,64390291,new_posts,304849a056cf,304849a056cf,0,1,0,8,0,1,8,2026-10-07T04:14Z
offcwe,60161967,new_posts,c36b2191cbb5,c36b2191cbb5,0,1,0,3,0,1,3,2026-10-07T04:14Z
offcwe,38356997,new_posts,c0d5d1f973d0,c0d5d1f973d0,1,4,0,1,0,3,1,2026-10-07T04:14Z
offcwe,28897965,new_posts,833c3f81e2fb,833c3f81e2fb,1,2,0,6,0,1,6,2026-10-07T04:14Z
offcwe,19502423,new_posts,a080d7f7a2ac,a080d7f7a2ac,0,1,0,16,0,1,16,2026-10-07T04:14Z
offcwe,30308992,new_posts,1936718a41df,1936718a41df,0,1,0,4,0,1,4,2026-10-07T04:14Z
offcwe,39068621,new_posts,15dd316c5e6a,15dd316c5e6a,0,3,0,23,0,3,23,2026-10-07T04:14Z
offcwe,41023657,new_posts,9fa86fd49555,9fa86fd49555,0,1,0,2,0,1,2,2026-10-07T04:14Z
offcwe,38915566,new_posts,552f1c69ac15,552f1c69ac15,0,1,0,3,0,1,3,2026-10-07T04:14Z
offcwe,18866743,new_posts,49bbebfad2d3,49bbebfad2d3,1,2,1,3,0,1,2,2026-10-07T04:14Z
offcwe,62148840,new_posts,452f1d556cfe,452f1d556cfe,0,1,7,14,0,1,7,2026-10-07T04:14Z
offcwe,48443105,new_posts,846f0ac302b8,846f0ac302b8,0,1,0,4,0,1,4,2026-10-07T04:14Z
offcwe,8338570,new_posts,50a33cd7ab68,50a33cd7ab68,3,3,0,18,0,0,18,2026-10-07T04:14Z
offcwe,3764072,new_posts,3b5665a3d8e6,3b5665a3d8e6,2,13,0,51,0,11,51,2026-10-07T04:14Z
offcwe,19331396,new_posts,39d5a58ab512,39d5a58ab512,2,2,1,4,0,0,3,2026-10-07T04:14Z
offcwe,68352718,ok,54edbbe0e339,54edbbe0e339,1,1,16,16,0,0,0,2026-10-07T04:14Z
offcwe,7902452,new_posts,bf3db659b59c,bf3db659b59c,1,4,0,17,0,3,17,2026-10-07T04:14Z
offcwe,3130734,new_posts,3595b6c536ef,3595b6c536ef,1,4,0,13,0,3,13,2026-10-07T04:14Z
offcwe,32970935,new_posts,5216d420f065,5216d420f065,0,3,0,18,0,3,18,2026-10-07T04:14Z
offcwe,1410226,new_posts,3330e1ecb43a,3330e1ecb43a,2,4,0,6,0,2,6,2026-10-07T04:14Z
offcwe,65867094,new_posts,8dedec500dae,8dedec500dae,0,1,9,17,0,1,8,2026-10-07T04:14Z
offcwe,1667909,new_posts,bed9fe71c144,bed9fe71c144,0,1,0,4,0,1,4,2026-10-07T04:14Z
offcwe,17642433,new_posts,11be1dc70f98,11be1dc70f98,1,5,0,5,0,4,5,2026-10-07T04:14Z
offcwe,7886176,new_posts,765aad5617f1,765aad5617f1,1,2,0,11,0,1,11,2026-10-07T04:14Z
offcwe,622890,new_posts,df41c4e31929,df41c4e31929,1,2,0,2,0,1,2,2026-10-07T04:14Z
offcwe,28527521,new_posts,197eaa3c495f,197eaa3c495f,0,2,0,11,0,2,11,2026-10-07T04:14Z
offcwe,15207762,new_posts,1d02d8047393,1d02d8047393,0,1,0,16,0,1,16,2026-10-07T04:14Z
offcwe,11161306,new_posts,bbaa01f8cf51,bbaa01f8cf51,1,4,0,3,0,3,3,2026-10-07T04:14Z
offcwe,41553309,new_posts,8f72249524b7,8f72249524b7,0,2,0,0,0,2,0,2026-10-07T04:14Z
offcwe,13132890,new_posts,b8c2c85a13b2,b8c2c85a13b2,0,2,0,5,0,2,5,2026-10-07T04:14Z
offcwe,7278216,new_posts,f8b795276100,f8b795276100,0,2,0,0,0,2,0,2026-10-07T04:14Z
offcwe,71835177,new_posts,ae336b66cabf,ae336b66cabf,0,1,1,7,0,1,6,2026-10-07T04:14Z
offcwe,6500313,new_posts,3da88e5fd001,3da88e5fd001,12,19,19,84,0,7,65,2026-10-07T04:14Z
offcwe,1008019,new_posts,841bac60f3bc,841bac60f3bc,9,24,47,141,0,15,94,2026-10-07T04:14Z
offcwe,752658,new_posts,8ed2be143369,8ed2be143369,7,17,1,49,0,10,48,2026-10-07T04:14Z
offcwe,655065,new_posts,0d68c721f5d0,0d68c721f5d0,6,12,1,13,0,6,12,2026-10-07T04:14Z
offcwe,6261201,new_posts,7d4d3b88a4a2,7d4d3b88a4a2,7,20,2,34,0,13,32,2026-10-07T04:14Z
offcwe,273209,new_posts,6ddd12217368,6ddd12217368,13,49,7,109,0,36,102,2026-10-07T04:14Z
offcwe,37514509,new_posts,4e54cc204631,4e54cc204631,2,2,10,13,0,0,3,2026-10-07T04:14Z
offcwe,12825148,new_posts,f4135b851b17,f4135b851b17,3,5,2,12,0,2,10,2026-10-07T04:14Z
offcwe,14084151,new_posts,c4a10036b1a2,c4a10036b1a2,0,7,0,32,0,7,32,2026-10-07T04:14Z
offcwe,5734066,new_posts,baf6bdc55275,baf6bdc55275,0,2,0,4,0,2,4,2026-10-07T04:14Z
offcwe,9981946,new_posts,ee22957e2bec,ee22957e2bec,0,3,0,2,0,3,2,2026-10-07T04:14Z
offcwe,11437942,new_posts,eae36d827ad7,eae36d827ad7,0,1,0,5,0,1,5,2026-10-07T04:14Z
offcwe,18357956,new_posts,f10e01f08cb9,f10e01f08cb9,0,1,0,5,0,1,5,2026-10-07T04:14Z
offcwe,58697105,new_posts,6573f0771698,6573f0771698,0,1,0,21,0,1,21,2026-10-07T04:14Z
offcwe,63003465,new_posts,0a6509353bd1,0a6509353bd1,0,1,11,11,0,1,0,2026-10-07T04:14Z
offcwe,29761900,new_posts,d72525c9a869,d72525c9a869,0,0,0,5,0,0,5,2026-10-07T04:14Z
offcwe,32025292,new_posts,11a8d836f2db,11a8d836f2db,0,1,0,9,0,1,9,2026-10-07T04:14Z
offcwe,38490320,new_posts,78117e35ef83,78117e35ef83,0,3,0,6,0,3,6,2026-10-07T04:14Z
offcwe,68567989,new_posts,04583a865b76,04583a865b76,0,4,5,9,0,4,4,2026-10-07T04:14Z
offcwe,32891780,new_posts,bc7bcfed3673,bc7bcfed3673,0,7,0,11,0,7,11,2026-10-07T04:14Z
offcwe,3087439,new_posts,d438a8d04736,d438a8d04736,0,10,0,11,0,10,11,2026-10-07T04:14Z
offcwe,46734808,new_posts,c1fa59200f8f,c1fa59200f8f,1,5,0,16,0,4,16,2026-10-07T04:14Z
offcwe,47266630,new_posts,a4acc63788ae,a4acc63788ae,1,5,0,10,0,4,10,2026-10-07T04:14Z
offcwe,79217807,ok,61b4dd2f74d6,61b4dd2f74d6,0,0,6,6,0,0,0,2026-10-07T04:14Z
offcwe,55768549,new_posts,f01510a2d000,f01510a2d000,5,5,13,17,0,0,4,2026-10-07T04:14Z
offcwe,3190146,new_posts,514a3086d5d9,514a3086d5d9,2,11,0,10,0,9,10,2026-10-07T04:14Z
offcwe,1386776,new_posts,ec6075fd299a,ec6075fd299a,0,4,0,7,0,4,7,2026-10-07T04:14Z
offcwe,10116033,new_posts,ee70920383ba,ee70920383ba,0,3,0,6,0,3,6,2026-10-07T04:14Z
offcwe,4292368,new_posts,63ce65611fb4,63ce65611fb4,1,2,0,3,0,1,3,2026-10-07T04:14Z
offcwe,20436690,new_posts,5d07abeae8ab,5d07abeae8ab,0,1,0,0,0,1,0,2026-10-07T04:14Z
offcwe,39753265,new_posts,248d5b758108,248d5b758108,1,2,0,48,0,1,48,2026-10-07T04:14Z
offcwe,73314413,ok,34ed3b5048b4,34ed3b5048b4,0,0,13,13,0,0,0,2026-10-07T04:14Z
offcwe,14867024,new_posts,8badce4941e1,8badce4941e1,0,2,0,13,0,2,13,2026-10-07T04:14Z
offcwe,11196482,new_posts,42ddfba4038c,42ddfba4038c,0,1,0,3,0,1,3,2026-10-07T04:14Z
offcwe,78686832,new_posts,23df177ce5b7,23df177ce5b7,0,2,17,21,0,2,4,2026-10-07T04:14Z
offcwe,53822553,new_posts,1fd918b8c1d9,1fd918b8c1d9,1,1,0,1,0,0,1,2026-10-07T04:14Z
offcwe,76274268,new_posts,22b31767100d,22b31767100d,0,1,6,6,0,1,0,2026-10-07T04:14Z
offcwe,70653113,ok,730ab42628ca,730ab42628ca,0,0,6,6,0,0,0,2026-10-07T04:14Z
offcwe,77382967,ok,a7264c8552cf,a7264c8552cf,0,0,6,6,0,0,0,2026-10-07T04:14Z
offcwe,77777506,new_posts,cec72390f98d,cec72390f98d,0,1,7,7,0,1,0,2026-10-07T04:14Z
offcwe,6977161,new_posts,9d0073260dc3,9d0073260dc3,1,2,0,1,0,1,1,2026-10-07T04:14Z
offcwe,18693744,new_posts,09ecaaaa57fd,09ecaaaa57fd,1,3,0,2,0,2,2,2026-10-07T04:14Z
offcwe,39948237,new_posts,782632ed8ad6,782632ed8ad6,0,0,0,6,0,0,6,2026-10-07T04:14Z
offcwe,54738087,new_posts,80bf600718c9,80bf600718c9,0,0,0,6,0,0,6,2026-10-07T04:14Z
offcwe,64886398,new_posts,ae768119b927,ae768119b927,0,1,1,9,0,1,8,2026-10-07T04:14Z
offcwe,5508904,new_posts,3b1b040b4fe0,3b1b040b4fe0,1,3,0,8,0,2,8,2026-10-07T04:14Z
offcwe,5606589,new_posts,6e1d54f0c5f5,6e1d54f0c5f5,1,1,2,9,0,0,7,2026-10-07T04:14Z
offcwe,350647,new_posts,bcdf2b6523b3,bcdf2b6523b3,2,3,0,1,0,1,1,2026-10-07T04:14Z
offcwe,58263736,new_posts,e4e66611a1aa,e4e66611a1aa,0,1,0,0,0,1,0,2026-10-07T04:14Z
offcwe,79336417,new_posts,e30cec6d89ee,e30cec6d89ee,0,1,5,5,0,1,0,2026-10-07T04:14Z
offcwe,76168695,new_posts,806462710ef3,806462710ef3,0,1,9,10,0,1,1,2026-10-07T04:14Z
offcwe,51419371,new_posts,c24a115669b6,c24a115669b6,0,1,0,5,0,1,5,2026-10-07T04:14Z
offcwe,1014584,new_posts,280d5fd4ffe2,280d5fd4ffe2,2,5,0,0,0,3,0,2026-10-07T04:14Z
offcwe,7700446,new_posts,4077fee3a093,4077fee3a093,1,1,0,6,0,0,6,2026-10-07T04:14Z
offcwe,1533378,new_posts,59281618615b,59281618615b,2,2,0,4,0,0,4,2026-10-07T04:14Z
offcwe,2916549,new_posts,0ef8e760432b,0ef8e760432b,0,3,0,10,0,3,10,2026-10-07T04:14Z
offcwe,33334126,new_posts,47576ddd7e1d,47576ddd7e1d,0,2,0,7,0,2,7,2026-10-07T04:14Z
offcwe,5322492,new_posts,065f67be2a32,065f67be2a32,0,1,0,4,0,1,4,2026-10-07T04:14Z
offcwe,21885986,new_posts,76fb8c39e817,76fb8c39e817,0,1,0,6,0,1,6,2026-10-07T04:14Z
offcwe,9098890,new_posts,5524485b479c,5524485b479c,0,2,0,1,0,2,1,2026-10-07T04:14Z
offcwe,45627,new_posts,2267ceb22ff6,2267ceb22ff6,8,29,0,36,0,21,36,2026-10-07T04:14Z
offcwe,17732598,new_posts,78c4f9298de6,78c4f9298de6,1,2,0,3,0,1,3,2026-10-07T04:14Z
offcwe,8798905,new_posts,0dd135136cd8,0dd135136cd8,1,1,0,5,0,0,5,2026-10-07T04:14Z
offcwe,57188832,new_posts,f1ddce8f2c5b,f1ddce8f2c5b,1,1,0,4,0,0,4,2026-10-07T04:14Z
offcwe,41003046,new_posts,12e45cbf22a0,12e45cbf22a0,0,1,0,1,0,1,1,2026-10-07T04:14Z
offcwe,33613357,new_posts,ba9952ea838a,ba9952ea838a,0,1,0,7,0,1,7,2026-10-07T04:14Z
offcwe,15419669,new_posts,4023147cdf04,4023147cdf04,1,1,1,10,0,0,9,2026-10-07T04:14Z
offcwe,75141650,new_posts,f3c54189c33d,f3c54189c33d,0,1,15,16,0,1,1,2026-10-07T04:14Z
offcwe,7771885,new_posts,7d5d5e5cec8b,7d5d5e5cec8b,0,1,0,4,0,1,4,2026-10-07T04:14Z
offcwe,13644380,new_posts,b32f2da2d94a,b32f2da2d94a,1,2,0,5,0,1,5,2026-10-07T04:14Z
offcwe,6845691,new_posts,3b958a579047,3b958a579047,0,2,0,2,0,2,2,2026-10-07T04:14Z
offcwe,16007223,new_posts,08b7dd9b9ec5,08b7dd9b9ec5,0,1,0,0,0,1,0,2026-10-07T04:14Z
offcwe,1198829,new_posts,be7cedcde8b8,be7cedcde8b8,0,3,0,0,0,3,0,2026-10-07T04:14Z
offcwe,7284477,new_posts,21aca1a168b1,21aca1a168b1,1,2,0,1,0,1,1,2026-10-07T04:14Z
offcwe,2902064,new_posts,f4f57929a975,f4f57929a975,7,10,9,24,0,3,15,2026-10-07T04:14Z
offcwe,14063791,new_posts,c732528cf6d9,c732528cf6d9,2,6,3,29,0,4,26,2026-10-07T04:14Z
offcwe,29504070,new_posts,611caba95010,611caba95010,3,5,0,33,0,2,33,2026-10-07T04:14Z
offcwe,45133276,new_posts,7a295b698ea2,7a295b698ea2,2,2,7,14,0,0,7,2026-10-07T04:14Z
offcwe,29335795,new_posts,3a191b354af5,3a191b354af5,1,2,2,21,0,1,19,2026-10-07T04:14Z
offcwe,14050058,new_posts,a1725a65cdcf,a1725a65cdcf,1,1,2,7,0,0,5,2026-10-07T04:14Z
offcwe,23557363,new_posts,e9ede977d90a,e9ede977d90a,1,2,1,6,0,1,5,2026-10-07T04:14Z
offcwe,14002026,new_posts,809cc3073f41,809cc3073f41,1,4,0,20,0,3,20,2026-10-07T04:14Z
offcwe,654754,new_posts,bb1fbb8a70b7,bb1fbb8a70b7,12,20,38,90,0,8,52,2026-10-07T04:14Z
offcwe,260915,new_posts,3c76f5fb1276,3c76f5fb1276,3,10,0,29,0,7,29,2026-10-07T04:14Z
offcwe,1549945,new_posts,d93661d4fe95,d93661d4fe95,3,9,2,6,0,6,4,2026-10-07T04:14Z
offcwe,47090725,new_posts,e86122416868,e86122416868,0,3,0,26,0,3,26,2026-10-07T04:14Z
offcwe,19304815,new_posts,e2834b8b72f0,e2834b8b72f0,1,1,0,20,0,0,20,2026-10-07T04:14Z
offcwe,530278,new_posts,271e3dd2f991,271e3dd2f991,2,11,0,35,0,9,35,2026-10-07T04:14Z
offcwe,39366248,new_posts,9e445ea1151e,9e445ea1151e,1,2,0,14,0,1,14,2026-10-07T04:14Z
offcwe,44429933,new_posts,52f6e24bdb36,52f6e24bdb36,5,5,1,63,0,0,62,2026-10-07T04:14Z
offcwe,1913343,new_posts,f0f0b9d45664,f0f0b9d45664,3,10,1,15,0,7,14,2026-10-07T04:14Z
offcwe,24308647,new_posts,fa2600a6a2c7,fa2600a6a2c7,1,4,0,18,0,3,18,2026-10-07T04:14Z
offcwe,79268109,new_posts,b59ea728ae14,b59ea728ae14,1,3,15,17,0,2,2,2026-10-07T04:14Z
offcwe,13679635,new_posts,0ddfb9fdd48a,0ddfb9fdd48a,2,7,1,4,0,5,3,2026-10-07T04:14Z
offcwe,41741448,new_posts,f55ed969bde7,f55ed969bde7,1,2,0,35,0,1,35,2026-10-07T04:14Z
offcwe,26525350,new_posts,166760ee2ffb,166760ee2ffb,2,2,0,23,0,0,23,2026-10-07T04:14Z
offcwe,13247126,new_posts,d04fe21c7cd5,d04fe21c7cd5,4,8,0,3,0,4,3,2026-10-07T04:14Z
offcwe,12724057,new_posts,0de08a5eb1a8,0de08a5eb1a8,2,3,0,8,0,1,8,2026-10-07T04:14Z
offcwe,2303740,new_posts,99a9ea3209be,99a9ea3209be,2,4,0,15,0,2,15,2026-10-07T04:14Z
offcwe,14156099,new_posts,e14d7e60effe,e14d7e60effe,1,2,0,6,0,1,6,2026-10-07T04:14Z
offcwe,48307411,new_posts,1683a9287902,1683a9287902,0,3,0,12,0,3,12,2026-10-07T04:14Z
offcwe,1848575,new_posts,a2b1280db0e6,a2b1280db0e6,1,7,0,9,0,6,9,2026-10-07T04:14Z
offcwe,48792331,new_posts,27e87fc5838e,27e87fc5838e,1,1,1,6,0,0,5,2026-10-07T04:14Z
offcwe,56317418,new_posts,26c367c4b7d3,26c367c4b7d3,1,2,4,6,0,1,2,2026-10-07T04:14Z
offcwe,55801993,new_posts,405eea87c26f,405eea87c26f,1,1,3,7,0,0,4,2026-10-07T04:14Z
offcwe,71866535,ok,3ff226de65a4,3ff226de65a4,2,2,54,54,0,0,0,2026-10-07T04:14Z
offcwe,1424635,new_posts,9185454104e4,9185454104e4,2,8,0,13,0,6,13,2026-10-07T04:14Z
offcwe,56855852,new_posts,8cecb251a180,8cecb251a180,0,1,0,5,0,1,5,2026-10-07T04:14Z
offcwe,56662038,new_posts,3d20e9361e50,3d20e9361e50,0,1,0,1,0,1,1,2026-10-07T04:14Z
offcwe,64514138,new_posts,83e157315019,83e157315019,0,1,0,12,0,1,12,2026-10-07T04:14Z
offcwe,77008484,ok,efc4840a5717,efc4840a5717,0,0,0,0,0,0,0,2026-10-07T04:14Z
offcwe,21057393,new_posts,d2e6bc546ae6,d2e6bc546ae6,3,4,6,13,0,1,7,2026-10-07T04:14Z
offcwe,68639266,new_posts,d5befc98f26b,d5befc98f26b,0,2,13,15,0,2,2,2026-10-07T04:14Z
offcwe,15786076,new_posts,a0d42986a3cd,a0d42986a3cd,0,3,0,5,0,3,5,2026-10-07T04:14Z
offcwe,28715052,new_posts,1f00cc0e0433,1f00cc0e0433,0,1,0,0,0,1,0,2026-10-07T04:14Z
offcwe,36536612,new_posts,4903ab3a2a08,4903ab3a2a08,0,3,0,7,0,3,7,2026-10-07T04:14Z
offcwe,47930089,new_posts,4f9df6fc7436,4f9df6fc7436,0,0,0,7,0,0,7,2026-10-07T04:14Z
offcwe,71550137,new_posts,7e0dd515a3e4,7e0dd515a3e4,0,2,8,8,0,2,0,2026-10-07T04:14Z
offcwe,72425767,ok,46484ec98519,46484ec98519,0,0,5,5,0,0,0,2026-10-07T04:14Z
offcwe,299761,new_posts,717a99a3c0cd,717a99a3c0cd,3,4,2,5,0,1,3,2026-10-07T04:14Z
offcwe,30374655,new_posts,044c9caf84fc,044c9caf84fc,0,1,0,1,0,1,1,2026-10-07T04:14Z
offcwe,15431365,new_posts,77a59b68471b,77a59b68471b,1,1,0,3,0,0,3,2026-10-07T04:14Z
offcwe,30374811,ok,92d7b93e4eed,92d7b93e4eed,1,1,0,0,0,0,0,2026-10-07T04:14Z
offcwe,9615249,new_posts,c568a1ca642f,c568a1ca642f,1,1,0,2,0,0,2,2026-10-07T04:14Z
offcwe,65928467,new_posts,dcf46fd87e2b,dcf46fd87e2b,0,1,9,9,0,1,0,2026-10-07T04:14Z
offcwe,56329377,new_posts,abea85f79c40,abea85f79c40,1,1,0,1,0,0,1,2026-10-07T04:14Z
offcwe,62026229,ok,66b230123bee,66b230123bee,0,0,3,3,0,0,0,2026-10-07T04:14Z
offcwe,13150955,new_posts,461f29dd6ebf,461f29dd6ebf,1,2,2,2,0,1,0,2026-10-07T04:14Z
offcwe,41775549,new_posts,ccb2c5301108,ccb2c5301108,0,2,0,6,0,2,6,2026-10-07T04:14Z
offcwe,8040149,new_posts,a08b51071285,a08b51071285,0,1,0,0,0,1,0,2026-10-07T04:14Z
offcwe,7026129,new_posts,718e3c6f7188,718e3c6f7188,1,2,0,2,0,1,2,2026-10-07T04:14Z
offcwe,36241598,new_posts,4783a4523413,4783a4523413,1,1,0,8,0,0,8,2026-10-07T04:14Z
offcwe,63455251,new_posts,2d0e218a9d95,2d0e218a9d95,0,1,6,6,0,1,0,2026-10-07T04:14Z
offcwe,69803025,new_posts,59deae3c4c5f,59deae3c4c5f,0,1,3,4,0,1,1,2026-10-07T04:14Z
offcwe,11484895,new_posts,10e8461c097d,10e8461c097d,0,1,0,2,0,1,2,2026-10-07T04:14Z
offcwe,66898984,new_posts,77a184a986fe,77a184a986fe,1,2,10,17,0,1,7,2026-10-07T04:14Z
offcwe,33040770,new_posts,3f844d1084c5,3f844d1084c5,1,2,1,3,0,1,2,2026-10-07T04:14Z
offcwe,56074898,ok,d95d63c11bdd,d95d63c11bdd,0,0,0,0,0,0,0,2026-10-07T04:14Z
offcwe,55288638,new_posts,1bd7e9ecb586,1bd7e9ecb586,0,0,0,3,0,0,3,2026-10-07T04:14Z
offcwe,66878316,ok,d7de603aa2b0,d7de603aa2b0,0,0,7,7,0,0,0,2026-10-07T04:14Z
offcwe,16659303,new_posts,60cf632edbdf,60cf632edbdf,1,2,15,21,0,1,6,2026-10-07T04:14Z
offcwe,4617328,new_posts,32bcad37fab5,32bcad37fab5,1,2,0,10,0,1,10,2026-10-07T04:14Z
offcwe,27900525,ok,a9d71db8d366,a9d71db8d366,2,2,3,3,0,0,0,2026-10-07T04:14Z
offcwe,26862876,new_posts,008e409d5082,008e409d5082,1,2,7,17,0,1,10,2026-10-07T04:14Z
offcwe,13833518,new_posts,eb2b9e55ebdc,eb2b9e55ebdc,0,1,0,3,0,1,3,2026-10-07T04:14Z
offcwe,49896108,new_posts,29627ebe08d4,29627ebe08d4,0,1,0,2,0,1,2,2026-10-07T04:14Z
offcwe,76858919,new_posts,386b897c0361,386b897c0361,0,1,2,2,0,1,0,2026-10-07T04:14Z
offcwe,77844327,ok,561db767b2d5,561db767b2d5,0,0,7,7,0,0,0,2026-10-07T04:14Z
offcwe,4254610,new_posts,5693076adf70,5693076adf70,1,2,1,5,0,1,4,2026-10-07T04:14Z
offcwe,27834257,new_posts,b743d7f917ef,b743d7f917ef,0,1,0,0,0,1,0,2026-10-07T04:14Z
offcwe,10560910,new_posts,23ac0b95ae3c,23ac0b95ae3c,0,1,0,1,0,1,1,2026-10-07T04:14Z
offcwe,79482618,new_posts,d98b4abb555e,d98b4abb555e,0,1,2,2,0,1,0,2026-10-07T04:14Z
offcwe,12672770,new_posts,03270eebfe7f,03270eebfe7f,0,1,0,12,0,1,12,2026-10-07T04:14Z
offcwe,22197735,new_posts,ae1c5ac3c094,ae1c5ac3c094,0,1,0,3,0,1,3,2026-10-07T04:14Z
offcwe,9989496,new_posts,16f37bff8539,16f37bff8539,1,2,4,11,0,1,7,2026-10-07T04:14Z
offcwe,59591905,new_posts,e87ecde31864,e87ecde31864,0,0,6,15,0,0,9,2026-10-07T04:14Z
offcwe,8795871,new_posts,2453f90b759d,2453f90b759d,1,2,0,12,0,1,12,2026-10-07T04:14Z
offcwe,8370468,new_posts,962aaf4c1243,962aaf4c1243,3,3,3,7,0,0,4,2026-10-07T04:14Z
offcwe,6503661,new_posts,8644e2ccbaa1,8644e2ccbaa1,1,1,0,3,0,0,3,2026-10-07T04:14Z
offcwe,7655834,new_posts,5d2523630cdd,5d2523630cdd,2,3,1,5,0,1,4,2026-10-07T04:14Z
offcwe,30754437,new_posts,b73e345e56ba,b73e345e56ba,1,1,2,5,0,0,3,2026-10-07T04:14Z
offcwe,7955109,new_posts,8a1a0b232358,8a1a0b232358,2,3,0,7,0,1,7,2026-10-07T04:14Z
offcwe,78525668,new_posts,234223323a62,234223323a62,0,1,2,4,0,1,2,2026-10-07T04:14Z
offcwe,19390136,new_posts,a3cb0d6b5161,a3cb0d6b5161,1,3,0,13,0,2,13,2026-10-07T04:14Z
offcwe,770577,new_posts,1726669d9740,1726669d9740,2,7,1,4,0,5,3,2026-10-07T04:14Z
offcwe,48861544,ok,ac414f426ef7,ac414f426ef7,0,0,0,0,0,0,0,2026-10-07T04:14Z
offcwe,20607642,new_posts,3609babbfeae,3609babbfeae,0,1,0,13,0,1,13,2026-10-07T04:14Z
offcwe,3844630,new_posts,b1dfb3ca5604,b1dfb3ca5604,1,6,0,4,0,5,4,2026-10-07T04:14Z
offcwe,44980711,new_posts,8f6b8c5e2762,8f6b8c5e2762,0,2,0,13,0,2,13,2026-10-07T04:14Z
offcwe,40106941,new_posts,8240028a8e7d,8240028a8e7d,2,3,6,37,0,1,31,2026-10-07T04:14Z
offcwe,4735113,new_posts,d85b78359f01,d85b78359f01,3,3,1,9,0,0,8,2026-10-07T04:14Z
offcwe,18455698,new_posts,5144934e05a5,5144934e05a5,3,8,10,17,0,5,7,2026-10-07T04:14Z
offcwe,15474684,new_posts,59bb7477c58a,59bb7477c58a,0,2,0,29,0,2,29,2026-10-07T04:14Z
offcwe,52829477,new_posts,54d4cac25a11,54d4cac25a11,2,3,1,11,0,1,10,2026-10-07T04:14Z
offcwe,14235858,new_posts,2e2d51c9a062,2e2d51c9a062,2,2,8,19,0,0,11,2026-10-07T04:14Z
offcwe,724096,new_posts,716549e82fcf,716549e82fcf,4,12,2,8,0,8,6,2026-10-07T04:14Z
offcwe,59384221,new_posts,ed1ca1f648d2,ed1ca1f648d2,1,1,5,10,0,0,5,2026-10-07T04:14Z
offcwe,13159564,new_posts,2c360337fe71,2c360337fe71,4,4,30,62,0,0,32,2026-10-07T04:14Z
offcwe,30836359,new_posts,dfdb46874bf8,dfdb46874bf8,1,1,1,9,0,0,8,2026-10-07T04:14Z
offcwe,74956010,ok,fb4ff01881c7,fb4ff01881c7,1,1,5,5,0,0,0,2026-10-07T04:14Z
offcwe,2798413,new_posts,7cb59698037c,7cb59698037c,1,1,0,4,0,0,4,2026-10-07T04:14Z
offcwe,79336699,ok,5be32f646d28,5be32f646d28,0,0,4,4,0,0,0,2026-10-07T04:14Z
offcwe,14764553,new_posts,50045580f7de,50045580f7de,1,1,4,5,0,0,1,2026-10-07T04:14Z
offcwe,26932750,new_posts,fd3a2ee26ed8,fd3a2ee26ed8,0,2,0,10,0,2,10,2026-10-07T04:14Z
offcwe,79542518,ok,63e49018e4fd,63e49018e4fd,2,2,10,10,0,0,0,2026-10-07T04:14Z
offcwe,1361139,new_posts,066147679f16,066147679f16,3,4,3,26,0,1,23,2026-10-07T04:14Z
offcwe,12795196,new_posts,d252f5f70926,d252f5f70926,4,4,7,14,0,0,7,2026-10-07T04:14Z
offcwe,13587791,new_posts,e92528957419,e92528957419,1,1,0,5,0,0,5,2026-10-07T04:14Z
offcwe,39102028,new_posts,44b193437e79,44b193437e79,1,1,0,7,0,0,7,2026-10-07T04:14Z
offcwe,31410858,new_posts,bf10786c4f34,bf10786c4f34,2,4,1,7,0,2,6,2026-10-07T04:14Z
offcwe,20158793,new_posts,dd1162e12052,dd1162e12052,3,3,1,4,0,0,3,2026-10-07T04:14Z
offcwe,38674268,ok,23ed5858e9e8,23ed5858e9e8,2,2,10,10,0,0,0,2026-10-07T04:14Z
offcwe,19414331,new_posts,e12b9d40070b,e12b9d40070b,2,2,0,4,0,0,4,2026-10-07T04:14Z
offcwe,75600524,ok,c2794178c66b,c2794178c66b,5,5,28,28,0,0,0,2026-10-07T04:14Z
offcwe,66068134,new_posts,71ca00d8afea,71ca00d8afea,2,3,12,12,0,1,0,2026-10-07T04:14Z
offcwe,6199729,new_posts,9f7231c77801,9f7231c77801,2,2,0,7,0,0,7,2026-10-07T04:14Z
offcwe,1919626,new_posts,45e6a49b6c6f,45e6a49b6c6f,7,14,4,42,0,7,38,2026-10-07T04:14Z
offcwe,9033931,new_posts,1dd4fb6cef1a,1dd4fb6cef1a,6,10,0,29,0,4,29,2026-10-07T04:14Z
offcwe,14379328,ok,5e54eeef5547,5e54eeef5547,7,7,15,15,0,0,0,2026-10-07T04:14Z
